"","colony","species","treatment","activated"
"1","F1","L. flavus","C31",1
"2","F1","L. flavus","C31",0
"3","F1","L. flavus","C31",0
"4","F1","L. flavus","C31",0
"5","F1","L. flavus","C31",0
"6","F1","L. flavus","C31",0
"7","F1","L. flavus","C31",0
"8","F1","L. flavus","C31",0
"9","F1","L. flavus","C31",0
"10","F1","L. flavus","C31",0
"11","F1","L. flavus","C31",0
"12","F1","L. flavus","C31",0
"13","F1","L. flavus","C31",0
"14","F1","L. flavus","C31",1
"15","F1","L. flavus","C31",0
"16","F1","L. flavus","C31",0
"17","F1","L. flavus","C31",0
"18","F1","L. flavus","C31",1
"19","F1","L. flavus","C31",0
"20","F1","L. flavus","C31",0
"21","F1","L. flavus","C31",0
"22","F1","L. flavus","C31",0
"23","F1","L. flavus","C31",0
"24","F1","L. flavus","C31",0
"25","F1","L. flavus","C31",0
"26","F1","L. flavus","C31",0
"27","F1","L. flavus","C31",0
"28","F1","L. flavus","C31",0
"29","F1","L. flavus","C31",0
"30","F1","L. flavus","C31",0
"31","F1","L. flavus","C31",1
"32","F1","L. flavus","C31",0
"33","F1","L. flavus","Hexane",0
"34","F1","L. flavus","Hexane",0
"35","F1","L. flavus","Hexane",0
"36","F1","L. flavus","Hexane",0
"37","F1","L. flavus","Hexane",0
"38","F1","L. flavus","Hexane",0
"39","F1","L. flavus","Hexane",0
"40","F1","L. flavus","Hexane",0
"41","F1","L. flavus","Hexane",0
"42","F1","L. flavus","Hexane",0
"43","F1","L. flavus","Hexane",0
"44","F1","L. flavus","Hexane",0
"45","F1","L. flavus","Hexane",0
"46","F1","L. flavus","Hexane",0
"47","F1","L. flavus","Hexane",0
"48","F1","L. flavus","Hexane",0
"49","F1","L. flavus","Hexane",0
"50","F1","L. flavus","Hexane",0
"51","F1","L. flavus","Hexane",0
"52","F1","L. flavus","Hexane",0
"53","F1","L. flavus","Hexane",0
"54","F1","L. flavus","Hexane",0
"55","F1","L. flavus","Hexane",0
"56","F1","L. flavus","Hexane",0
"57","F1","L. flavus","Hexane",0
"58","F1","L. flavus","Hexane",0
"59","F1","L. flavus","Hexane",0
"60","F1","L. flavus","Hexane",0
"61","F1","L. flavus","Hexane",0
"62","F1","L. flavus","Hexane",0
"63","F1","L. flavus","Hexane",1
"64","F1","L. flavus","Hexane",0
"65","F1","L. flavus","Hexane",0
"66","F1","L. flavus","Hexane",0
"67","F1","L. flavus","Hexane",1
"68","F1","L. flavus","Hexane",0
"69","F1","L. flavus","3-meC25",0
"70","F1","L. flavus","3-meC25",0
"71","F1","L. flavus","3-meC25",0
"72","F1","L. flavus","3-meC25",0
"73","F1","L. flavus","3-meC25",0
"74","F1","L. flavus","3-meC25",0
"75","F1","L. flavus","3-meC25",0
"76","F1","L. flavus","3-meC25",0
"77","F1","L. flavus","3-meC25",0
"78","F1","L. flavus","3-meC25",0
"79","F1","L. flavus","3-meC25",0
"80","F1","L. flavus","3-meC25",0
"81","F1","L. flavus","3-meC25",0
"82","F1","L. flavus","3-meC25",0
"83","F1","L. flavus","3-meC25",0
"84","F1","L. flavus","3-meC25",0
"85","F1","L. flavus","3-meC25",0
"86","F1","L. flavus","3-meC25",0
"87","F1","L. flavus","3-meC25",0
"88","F1","L. flavus","3-meC25",0
"89","F1","L. flavus","3-meC25",0
"90","F1","L. flavus","3-meC25",0
"91","F1","L. flavus","3-meC25",0
"92","F1","L. flavus","3-meC25",0
"93","F1","L. flavus","3-meC25",0
"94","F1","L. flavus","3-meC25",0
"95","F1","L. flavus","3-meC25",0
"96","F1","L. flavus","3-meC25",0
"97","F1","L. flavus","3-meC25",0
"98","F1","L. flavus","3-meC25",0
"99","F1","L. flavus","3-meC25",1
"100","F1","L. flavus","3-meC25",0
"101","F1","L. flavus","3-meC25",0
"102","F1","L. flavus","3-meC25",1
"103","F1","L. flavus","3-meC25",0
"104","F1","L. flavus","3-meC25",0
"105","F1","L. flavus","3-meC25",1
"106","F1","L. flavus","3-meC25",0
"107","F1","L. flavus","3-meC25",0
"108","F1","L. flavus","3-meC25",1
"109","F1","L. flavus","3-meC25",0
"110","F1","L. flavus","3-meC25",0
"111","F1","L. flavus","3-meC25",0
"112","F1","L. flavus","3-meC31",0
"113","F1","L. flavus","3-meC31",0
"114","F1","L. flavus","3-meC31",0
"115","F1","L. flavus","3-meC31",0
"116","F1","L. flavus","3-meC31",0
"117","F1","L. flavus","3-meC31",0
"118","F1","L. flavus","3-meC31",0
"119","F1","L. flavus","3-meC31",0
"120","F1","L. flavus","3-meC31",0
"121","F1","L. flavus","3-meC31",0
"122","F1","L. flavus","3-meC31",0
"123","F1","L. flavus","3-meC31",0
"124","F1","L. flavus","3-meC31",0
"125","F1","L. flavus","3-meC31",0
"126","F1","L. flavus","3-meC31",0
"127","F1","L. flavus","3-meC31",0
"128","F1","L. flavus","3-meC31",0
"129","F1","L. flavus","3-meC31",1
"130","F1","L. flavus","3-meC31",0
"131","F1","L. flavus","3-meC31",0
"132","F1","L. flavus","3-meC31",0
"133","F1","L. flavus","3-meC31",0
"134","F1","L. flavus","3-meC31",0
"135","F1","L. flavus","3-meC31",0
"136","F1","L. flavus","3-meC31",0
"137","F1","L. flavus","3-meC31",0
"138","F1","L. flavus","3-meC31",0
"139","F1","L. flavus","3-meC31",0
"140","F1","L. flavus","3-meC31",0
"141","F1","L. flavus","3-meC31",0
"142","F1","L. flavus","3-meC31",0
"143","F1","L. flavus","3-meC31",0
"144","F1","L. flavus","3-meC31",0
"145","F1","L. flavus","3-meC31",0
"146","F1","L. flavus","3-meC31",0
"147","F1","L. flavus","3-meC31",0
"148","F1","L. flavus","3-meC33",0
"149","F1","L. flavus","3-meC33",0
"150","F1","L. flavus","3-meC33",0
"151","F1","L. flavus","3-meC33",0
"152","F1","L. flavus","3-meC33",0
"153","F1","L. flavus","3-meC33",0
"154","F1","L. flavus","3-meC33",0
"155","F1","L. flavus","3-meC33",0
"156","F1","L. flavus","3-meC33",0
"157","F1","L. flavus","3-meC33",0
"158","F1","L. flavus","3-meC33",0
"159","F1","L. flavus","3-meC33",0
"160","F1","L. flavus","3-meC33",0
"161","F1","L. flavus","3-meC33",0
"162","F1","L. flavus","3-meC33",0
"163","F1","L. flavus","3-meC33",0
"164","F1","L. flavus","3-meC33",0
"165","F1","L. flavus","3-meC33",0
"166","F1","L. flavus","3-meC33",0
"167","F1","L. flavus","3-meC33",0
"168","F1","L. flavus","3-meC33",0
"169","F1","L. flavus","3-meC33",0
"170","F1","L. flavus","3-meC33",0
"171","F1","L. flavus","3-meC33",0
"172","F1","L. flavus","3-meC33",0
"173","F1","L. flavus","3-meC33",0
"174","F1","L. flavus","3-meC33",0
"175","F1","L. flavus","3-meC33",0
"176","F1","L. flavus","3-meC33",0
"177","F1","L. flavus","3-meC33",0
"178","F1","L. flavus","3-meC33",0
"179","F1","L. flavus","3-meC33",0
"180","F1","L. flavus","3-meC33",0
"181","F1","L. flavus","3-meC33",0
"182","F1","L. flavus","3-meC33",1
"183","F1","L. flavus","3-meC33",0
"184","F1","L. flavus","3-meC33",0
"185","F1","L. flavus","3-meC35",0
"186","F1","L. flavus","3-meC35",0
"187","F1","L. flavus","3-meC35",0
"188","F1","L. flavus","3-meC35",0
"189","F1","L. flavus","3-meC35",0
"190","F1","L. flavus","3-meC35",0
"191","F1","L. flavus","3-meC35",1
"192","F1","L. flavus","3-meC35",0
"193","F1","L. flavus","3-meC35",0
"194","F1","L. flavus","3-meC35",0
"195","F1","L. flavus","3-meC35",0
"196","F1","L. flavus","3-meC35",0
"197","F1","L. flavus","3-meC35",0
"198","F1","L. flavus","3-meC35",0
"199","F1","L. flavus","3-meC35",0
"200","F1","L. flavus","3-meC35",0
"201","F1","L. flavus","3-meC35",0
"202","F1","L. flavus","3-meC35",0
"203","F1","L. flavus","3-meC35",0
"204","F1","L. flavus","3-meC35",0
"205","F1","L. flavus","3-meC35",0
"206","F1","L. flavus","3-meC35",0
"207","F1","L. flavus","3-meC35",0
"208","F1","L. flavus","3-meC35",0
"209","F1","L. flavus","3-meC35",0
"210","F1","L. flavus","3-meC35",0
"211","F1","L. flavus","3-meC35",0
"212","F2","L. flavus","C31",0
"213","F2","L. flavus","C31",0
"214","F2","L. flavus","C31",0
"215","F2","L. flavus","C31",0
"216","F2","L. flavus","C31",0
"217","F2","L. flavus","C31",0
"218","F2","L. flavus","C31",0
"219","F2","L. flavus","C31",0
"220","F2","L. flavus","C31",0
"221","F2","L. flavus","C31",0
"222","F2","L. flavus","C31",0
"223","F2","L. flavus","C31",0
"224","F2","L. flavus","C31",0
"225","F2","L. flavus","C31",0
"226","F2","L. flavus","C31",0
"227","F2","L. flavus","C31",0
"228","F2","L. flavus","C31",0
"229","F2","L. flavus","C31",0
"230","F2","L. flavus","C31",0
"231","F2","L. flavus","C31",0
"232","F2","L. flavus","C31",0
"233","F2","L. flavus","C31",0
"234","F2","L. flavus","C31",0
"235","F2","L. flavus","C31",0
"236","F2","L. flavus","C31",0
"237","F2","L. flavus","C31",0
"238","F2","L. flavus","C31",1
"239","F2","L. flavus","C31",0
"240","F2","L. flavus","C31",0
"241","F2","L. flavus","C31",0
"242","F2","L. flavus","C31",0
"243","F2","L. flavus","C31",0
"244","F2","L. flavus","C31",0
"245","F2","L. flavus","C31",0
"246","F2","L. flavus","C31",0
"247","F2","L. flavus","C31",0
"248","F2","L. flavus","Hexane",1
"249","F2","L. flavus","Hexane",0
"250","F2","L. flavus","Hexane",0
"251","F2","L. flavus","Hexane",0
"252","F2","L. flavus","Hexane",0
"253","F2","L. flavus","Hexane",0
"254","F2","L. flavus","Hexane",0
"255","F2","L. flavus","Hexane",0
"256","F2","L. flavus","Hexane",0
"257","F2","L. flavus","Hexane",0
"258","F2","L. flavus","Hexane",0
"259","F2","L. flavus","Hexane",0
"260","F2","L. flavus","Hexane",0
"261","F2","L. flavus","Hexane",0
"262","F2","L. flavus","Hexane",0
"263","F2","L. flavus","Hexane",0
"264","F2","L. flavus","Hexane",0
"265","F2","L. flavus","Hexane",0
"266","F2","L. flavus","Hexane",0
"267","F2","L. flavus","Hexane",0
"268","F2","L. flavus","Hexane",0
"269","F2","L. flavus","Hexane",0
"270","F2","L. flavus","Hexane",0
"271","F2","L. flavus","Hexane",0
"272","F2","L. flavus","Hexane",0
"273","F2","L. flavus","Hexane",0
"274","F2","L. flavus","Hexane",0
"275","F2","L. flavus","Hexane",0
"276","F2","L. flavus","Hexane",0
"277","F2","L. flavus","Hexane",0
"278","F2","L. flavus","Hexane",0
"279","F2","L. flavus","Hexane",0
"280","F2","L. flavus","Hexane",1
"281","F2","L. flavus","Hexane",0
"282","F2","L. flavus","3-meC25",0
"283","F2","L. flavus","3-meC25",0
"284","F2","L. flavus","3-meC25",0
"285","F2","L. flavus","3-meC25",0
"286","F2","L. flavus","3-meC25",0
"287","F2","L. flavus","3-meC25",0
"288","F2","L. flavus","3-meC25",0
"289","F2","L. flavus","3-meC25",0
"290","F2","L. flavus","3-meC25",0
"291","F2","L. flavus","3-meC25",0
"292","F2","L. flavus","3-meC25",0
"293","F2","L. flavus","3-meC25",0
"294","F2","L. flavus","3-meC25",0
"295","F2","L. flavus","3-meC25",0
"296","F2","L. flavus","3-meC25",0
"297","F2","L. flavus","3-meC25",0
"298","F2","L. flavus","3-meC25",0
"299","F2","L. flavus","3-meC25",0
"300","F2","L. flavus","3-meC25",0
"301","F2","L. flavus","3-meC25",0
"302","F2","L. flavus","3-meC25",0
"303","F2","L. flavus","3-meC25",0
"304","F2","L. flavus","3-meC25",0
"305","F2","L. flavus","3-meC25",0
"306","F2","L. flavus","3-meC25",0
"307","F2","L. flavus","3-meC25",0
"308","F2","L. flavus","3-meC25",0
"309","F2","L. flavus","3-meC25",1
"310","F2","L. flavus","3-meC25",0
"311","F2","L. flavus","3-meC25",0
"312","F2","L. flavus","3-meC25",0
"313","F2","L. flavus","3-meC25",0
"314","F2","L. flavus","3-meC25",0
"315","F2","L. flavus","3-meC25",0
"316","F2","L. flavus","3-meC25",0
"317","F2","L. flavus","3-meC25",0
"318","F2","L. flavus","3-meC25",0
"319","F2","L. flavus","3-meC25",0
"320","F2","L. flavus","3-meC25",0
"321","F2","L. flavus","3-meC25",1
"322","F2","L. flavus","3-meC25",0
"323","F2","L. flavus","3-meC25",0
"324","F2","L. flavus","3-meC25",0
"325","F2","L. flavus","3-meC25",0
"326","F2","L. flavus","3-meC31",0
"327","F2","L. flavus","3-meC31",0
"328","F2","L. flavus","3-meC31",0
"329","F2","L. flavus","3-meC31",0
"330","F2","L. flavus","3-meC31",0
"331","F2","L. flavus","3-meC31",0
"332","F2","L. flavus","3-meC31",0
"333","F2","L. flavus","3-meC31",0
"334","F2","L. flavus","3-meC31",0
"335","F2","L. flavus","3-meC31",0
"336","F2","L. flavus","3-meC31",0
"337","F2","L. flavus","3-meC31",0
"338","F2","L. flavus","3-meC31",0
"339","F2","L. flavus","3-meC31",0
"340","F2","L. flavus","3-meC31",0
"341","F2","L. flavus","3-meC31",0
"342","F2","L. flavus","3-meC31",0
"343","F2","L. flavus","3-meC31",0
"344","F2","L. flavus","3-meC31",0
"345","F2","L. flavus","3-meC31",0
"346","F2","L. flavus","3-meC31",0
"347","F2","L. flavus","3-meC31",0
"348","F2","L. flavus","3-meC31",0
"349","F2","L. flavus","3-meC31",0
"350","F2","L. flavus","3-meC31",0
"351","F2","L. flavus","3-meC31",0
"352","F2","L. flavus","3-meC31",0
"353","F2","L. flavus","3-meC31",0
"354","F2","L. flavus","3-meC31",0
"355","F2","L. flavus","3-meC31",0
"356","F2","L. flavus","3-meC33",0
"357","F2","L. flavus","3-meC33",0
"358","F2","L. flavus","3-meC33",0
"359","F2","L. flavus","3-meC33",0
"360","F2","L. flavus","3-meC33",0
"361","F2","L. flavus","3-meC33",0
"362","F2","L. flavus","3-meC33",0
"363","F2","L. flavus","3-meC33",0
"364","F2","L. flavus","3-meC33",0
"365","F2","L. flavus","3-meC33",0
"366","F2","L. flavus","3-meC33",0
"367","F2","L. flavus","3-meC33",0
"368","F2","L. flavus","3-meC33",0
"369","F2","L. flavus","3-meC33",0
"370","F2","L. flavus","3-meC33",0
"371","F2","L. flavus","3-meC33",0
"372","F2","L. flavus","3-meC33",0
"373","F2","L. flavus","3-meC33",0
"374","F2","L. flavus","3-meC33",0
"375","F2","L. flavus","3-meC33",1
"376","F2","L. flavus","3-meC33",0
"377","F2","L. flavus","3-meC33",0
"378","F2","L. flavus","3-meC33",0
"379","F2","L. flavus","3-meC33",0
"380","F2","L. flavus","3-meC33",0
"381","F2","L. flavus","3-meC33",0
"382","F2","L. flavus","3-meC33",0
"383","F2","L. flavus","3-meC33",0
"384","F2","L. flavus","3-meC33",0
"385","F2","L. flavus","3-meC33",0
"386","F2","L. flavus","3-meC33",0
"387","F2","L. flavus","3-meC33",0
"388","F2","L. flavus","3-meC33",0
"389","F2","L. flavus","3-meC33",0
"390","F2","L. flavus","3-meC33",1
"391","F2","L. flavus","3-meC33",1
"392","F2","L. flavus","3-meC33",0
"393","F2","L. flavus","3-meC33",0
"394","F2","L. flavus","3-meC35",0
"395","F2","L. flavus","3-meC35",0
"396","F2","L. flavus","3-meC35",0
"397","F2","L. flavus","3-meC35",0
"398","F2","L. flavus","3-meC35",0
"399","F2","L. flavus","3-meC35",0
"400","F2","L. flavus","3-meC35",0
"401","F2","L. flavus","3-meC35",0
"402","F2","L. flavus","3-meC35",0
"403","F2","L. flavus","3-meC35",0
"404","F2","L. flavus","3-meC35",0
"405","F2","L. flavus","3-meC35",0
"406","F2","L. flavus","3-meC35",0
"407","F2","L. flavus","3-meC35",0
"408","F2","L. flavus","3-meC35",0
"409","F2","L. flavus","3-meC35",0
"410","F2","L. flavus","3-meC35",0
"411","F2","L. flavus","3-meC35",0
"412","F2","L. flavus","3-meC35",0
"413","F2","L. flavus","3-meC35",0
"414","F2","L. flavus","3-meC35",0
"415","F2","L. flavus","3-meC35",0
"416","F2","L. flavus","3-meC35",0
"417","F2","L. flavus","3-meC35",1
"418","F2","L. flavus","3-meC35",0
"419","F2","L. flavus","3-meC35",0
"420","F2","L. flavus","3-meC35",0
"421","F2","L. flavus","3-meC35",0
"422","F2","L. flavus","3-meC35",0
"423","F2","L. flavus","3-meC35",0
"424","F2","L. flavus","3-meC35",0
"425","F2","L. flavus","3-meC35",0
"426","F2","L. flavus","3-meC35",0
"427","F2","L. flavus","3-meC35",0
"428","F2","L. flavus","3-meC35",0
"429","F2","L. flavus","3-meC35",0
"430","F2","L. flavus","3-meC35",0
"431","F2","L. flavus","3-meC35",0
"432","F2","L. flavus","3-meC35",0
"433","F3","L. flavus","C31",0
"434","F3","L. flavus","C31",0
"435","F3","L. flavus","C31",0
"436","F3","L. flavus","C31",1
"437","F3","L. flavus","C31",0
"438","F3","L. flavus","C31",0
"439","F3","L. flavus","C31",0
"440","F3","L. flavus","C31",0
"441","F3","L. flavus","C31",0
"442","F3","L. flavus","C31",0
"443","F3","L. flavus","C31",0
"444","F3","L. flavus","C31",0
"445","F3","L. flavus","C31",0
"446","F3","L. flavus","C31",0
"447","F3","L. flavus","C31",0
"448","F3","L. flavus","C31",0
"449","F3","L. flavus","C31",0
"450","F3","L. flavus","C31",0
"451","F3","L. flavus","C31",0
"452","F3","L. flavus","C31",1
"453","F3","L. flavus","C31",0
"454","F3","L. flavus","C31",0
"455","F3","L. flavus","C31",0
"456","F3","L. flavus","C31",0
"457","F3","L. flavus","C31",0
"458","F3","L. flavus","C31",0
"459","F3","L. flavus","C31",0
"460","F3","L. flavus","C31",0
"461","F3","L. flavus","C31",0
"462","F3","L. flavus","C31",0
"463","F3","L. flavus","C31",0
"464","F3","L. flavus","C31",0
"465","F3","L. flavus","C31",0
"466","F3","L. flavus","C31",0
"467","F3","L. flavus","C31",0
"468","F3","L. flavus","C31",0
"469","F3","L. flavus","C31",0
"470","F3","L. flavus","C31",0
"471","F3","L. flavus","Hexane",0
"472","F3","L. flavus","Hexane",0
"473","F3","L. flavus","Hexane",0
"474","F3","L. flavus","Hexane",0
"475","F3","L. flavus","Hexane",0
"476","F3","L. flavus","Hexane",0
"477","F3","L. flavus","Hexane",0
"478","F3","L. flavus","Hexane",0
"479","F3","L. flavus","Hexane",0
"480","F3","L. flavus","Hexane",0
"481","F3","L. flavus","Hexane",0
"482","F3","L. flavus","Hexane",0
"483","F3","L. flavus","Hexane",0
"484","F3","L. flavus","Hexane",0
"485","F3","L. flavus","Hexane",0
"486","F3","L. flavus","Hexane",0
"487","F3","L. flavus","Hexane",0
"488","F3","L. flavus","Hexane",0
"489","F3","L. flavus","Hexane",0
"490","F3","L. flavus","Hexane",0
"491","F3","L. flavus","Hexane",0
"492","F3","L. flavus","Hexane",0
"493","F3","L. flavus","Hexane",0
"494","F3","L. flavus","Hexane",0
"495","F3","L. flavus","Hexane",0
"496","F3","L. flavus","Hexane",0
"497","F3","L. flavus","Hexane",0
"498","F3","L. flavus","Hexane",0
"499","F3","L. flavus","Hexane",0
"500","F3","L. flavus","Hexane",0
"501","F3","L. flavus","Hexane",0
"502","F3","L. flavus","Hexane",0
"503","F3","L. flavus","Hexane",0
"504","F3","L. flavus","Hexane",0
"505","F3","L. flavus","Hexane",1
"506","F3","L. flavus","Hexane",0
"507","F3","L. flavus","Hexane",1
"508","F3","L. flavus","3-meC25",0
"509","F3","L. flavus","3-meC25",0
"510","F3","L. flavus","3-meC25",0
"511","F3","L. flavus","3-meC25",0
"512","F3","L. flavus","3-meC25",0
"513","F3","L. flavus","3-meC25",0
"514","F3","L. flavus","3-meC25",0
"515","F3","L. flavus","3-meC25",0
"516","F3","L. flavus","3-meC25",0
"517","F3","L. flavus","3-meC25",0
"518","F3","L. flavus","3-meC25",0
"519","F3","L. flavus","3-meC25",0
"520","F3","L. flavus","3-meC25",0
"521","F3","L. flavus","3-meC25",0
"522","F3","L. flavus","3-meC25",0
"523","F3","L. flavus","3-meC25",0
"524","F3","L. flavus","3-meC25",0
"525","F3","L. flavus","3-meC25",0
"526","F3","L. flavus","3-meC25",0
"527","F3","L. flavus","3-meC25",0
"528","F3","L. flavus","3-meC25",0
"529","F3","L. flavus","3-meC25",0
"530","F3","L. flavus","3-meC25",0
"531","F3","L. flavus","3-meC25",0
"532","F3","L. flavus","3-meC25",0
"533","F3","L. flavus","3-meC25",0
"534","F3","L. flavus","3-meC25",0
"535","F3","L. flavus","3-meC25",0
"536","F3","L. flavus","3-meC25",0
"537","F3","L. flavus","3-meC25",0
"538","F3","L. flavus","3-meC25",0
"539","F3","L. flavus","3-meC25",0
"540","F3","L. flavus","3-meC25",0
"541","F3","L. flavus","3-meC25",0
"542","F3","L. flavus","3-meC25",0
"543","F3","L. flavus","3-meC25",0
"544","F3","L. flavus","3-meC25",0
"545","F3","L. flavus","3-meC31",0
"546","F3","L. flavus","3-meC31",0
"547","F3","L. flavus","3-meC31",0
"548","F3","L. flavus","3-meC31",0
"549","F3","L. flavus","3-meC31",0
"550","F3","L. flavus","3-meC31",0
"551","F3","L. flavus","3-meC31",0
"552","F3","L. flavus","3-meC31",0
"553","F3","L. flavus","3-meC31",0
"554","F3","L. flavus","3-meC31",0
"555","F3","L. flavus","3-meC31",0
"556","F3","L. flavus","3-meC31",0
"557","F3","L. flavus","3-meC31",0
"558","F3","L. flavus","3-meC31",0
"559","F3","L. flavus","3-meC31",0
"560","F3","L. flavus","3-meC31",0
"561","F3","L. flavus","3-meC31",0
"562","F3","L. flavus","3-meC31",0
"563","F3","L. flavus","3-meC31",0
"564","F3","L. flavus","3-meC31",0
"565","F3","L. flavus","3-meC31",0
"566","F3","L. flavus","3-meC31",0
"567","F3","L. flavus","3-meC31",0
"568","F3","L. flavus","3-meC31",0
"569","F3","L. flavus","3-meC31",0
"570","F3","L. flavus","3-meC31",0
"571","F3","L. flavus","3-meC31",0
"572","F3","L. flavus","3-meC31",0
"573","F3","L. flavus","3-meC31",0
"574","F3","L. flavus","3-meC31",0
"575","F3","L. flavus","3-meC31",0
"576","F3","L. flavus","3-meC31",0
"577","F3","L. flavus","3-meC31",0
"578","F3","L. flavus","3-meC31",0
"579","F3","L. flavus","3-meC31",0
"580","F3","L. flavus","3-meC31",0
"581","F3","L. flavus","3-meC31",0
"582","F3","L. flavus","3-meC31",0
"583","F3","L. flavus","3-meC33",0
"584","F3","L. flavus","3-meC33",0
"585","F3","L. flavus","3-meC33",0
"586","F3","L. flavus","3-meC33",0
"587","F3","L. flavus","3-meC33",0
"588","F3","L. flavus","3-meC33",0
"589","F3","L. flavus","3-meC33",0
"590","F3","L. flavus","3-meC33",0
"591","F3","L. flavus","3-meC33",0
"592","F3","L. flavus","3-meC33",0
"593","F3","L. flavus","3-meC33",0
"594","F3","L. flavus","3-meC33",0
"595","F3","L. flavus","3-meC33",0
"596","F3","L. flavus","3-meC33",0
"597","F3","L. flavus","3-meC33",0
"598","F3","L. flavus","3-meC33",0
"599","F3","L. flavus","3-meC33",0
"600","F3","L. flavus","3-meC33",0
"601","F3","L. flavus","3-meC33",0
"602","F3","L. flavus","3-meC33",0
"603","F3","L. flavus","3-meC33",0
"604","F3","L. flavus","3-meC33",0
"605","F3","L. flavus","3-meC33",0
"606","F3","L. flavus","3-meC33",0
"607","F3","L. flavus","3-meC33",0
"608","F3","L. flavus","3-meC33",0
"609","F3","L. flavus","3-meC33",0
"610","F3","L. flavus","3-meC33",0
"611","F3","L. flavus","3-meC33",0
"612","F3","L. flavus","3-meC33",0
"613","F3","L. flavus","3-meC33",0
"614","F3","L. flavus","3-meC33",0
"615","F3","L. flavus","3-meC33",0
"616","F3","L. flavus","3-meC33",0
"617","F3","L. flavus","3-meC33",0
"618","F3","L. flavus","3-meC33",0
"619","F3","L. flavus","3-meC33",0
"620","F3","L. flavus","3-meC33",1
"621","F3","L. flavus","3-meC33",0
"622","F3","L. flavus","3-meC33",0
"623","F3","L. flavus","3-meC33",0
"624","F3","L. flavus","3-meC35",0
"625","F3","L. flavus","3-meC35",0
"626","F3","L. flavus","3-meC35",0
"627","F3","L. flavus","3-meC35",0
"628","F3","L. flavus","3-meC35",0
"629","F3","L. flavus","3-meC35",0
"630","F3","L. flavus","3-meC35",0
"631","F3","L. flavus","3-meC35",1
"632","F3","L. flavus","3-meC35",0
"633","F3","L. flavus","3-meC35",0
"634","F3","L. flavus","3-meC35",0
"635","F3","L. flavus","3-meC35",0
"636","F3","L. flavus","3-meC35",0
"637","F3","L. flavus","3-meC35",0
"638","F3","L. flavus","3-meC35",0
"639","F3","L. flavus","3-meC35",0
"640","F3","L. flavus","3-meC35",1
"641","F3","L. flavus","3-meC35",0
"642","F3","L. flavus","3-meC35",0
"643","F3","L. flavus","3-meC35",0
"644","F3","L. flavus","3-meC35",0
"645","F3","L. flavus","3-meC35",0
"646","F3","L. flavus","3-meC35",0
"647","F3","L. flavus","3-meC35",0
"648","F3","L. flavus","3-meC35",0
"649","F3","L. flavus","3-meC35",0
"650","F3","L. flavus","3-meC35",1
"651","F3","L. flavus","3-meC35",0
"652","F3","L. flavus","3-meC35",0
"653","F3","L. flavus","3-meC35",0
"654","F3","L. flavus","3-meC35",0
"655","F3","L. flavus","3-meC35",0
"656","F3","L. flavus","3-meC35",0
"657","F3","L. flavus","3-meC35",0
"658","F3","L. flavus","3-meC35",1
"659","F3","L. flavus","3-meC35",0
"660","F3","L. flavus","3-meC35",0
"661","F3","L. flavus","3-meC35",0
"662","F4","L. flavus","C31",0
"663","F4","L. flavus","C31",0
"664","F4","L. flavus","C31",0
"665","F4","L. flavus","C31",0
"666","F4","L. flavus","C31",0
"667","F4","L. flavus","C31",0
"668","F4","L. flavus","C31",0
"669","F4","L. flavus","C31",0
"670","F4","L. flavus","C31",0
"671","F4","L. flavus","C31",0
"672","F4","L. flavus","C31",0
"673","F4","L. flavus","C31",0
"674","F4","L. flavus","C31",0
"675","F4","L. flavus","C31",0
"676","F4","L. flavus","C31",0
"677","F4","L. flavus","C31",0
"678","F4","L. flavus","C31",0
"679","F4","L. flavus","C31",0
"680","F4","L. flavus","C31",0
"681","F4","L. flavus","C31",0
"682","F4","L. flavus","C31",0
"683","F4","L. flavus","C31",0
"684","F4","L. flavus","C31",0
"685","F4","L. flavus","C31",0
"686","F4","L. flavus","C31",0
"687","F4","L. flavus","C31",0
"688","F4","L. flavus","C31",0
"689","F4","L. flavus","C31",0
"690","F4","L. flavus","C31",0
"691","F4","L. flavus","C31",0
"692","F4","L. flavus","C31",0
"693","F4","L. flavus","C31",0
"694","F4","L. flavus","C31",0
"695","F4","L. flavus","C31",0
"696","F4","L. flavus","Hexane",0
"697","F4","L. flavus","Hexane",0
"698","F4","L. flavus","Hexane",0
"699","F4","L. flavus","Hexane",0
"700","F4","L. flavus","Hexane",0
"701","F4","L. flavus","Hexane",0
"702","F4","L. flavus","Hexane",0
"703","F4","L. flavus","Hexane",0
"704","F4","L. flavus","Hexane",0
"705","F4","L. flavus","Hexane",0
"706","F4","L. flavus","Hexane",0
"707","F4","L. flavus","Hexane",0
"708","F4","L. flavus","Hexane",0
"709","F4","L. flavus","Hexane",0
"710","F4","L. flavus","Hexane",0
"711","F4","L. flavus","Hexane",0
"712","F4","L. flavus","Hexane",0
"713","F4","L. flavus","Hexane",0
"714","F4","L. flavus","Hexane",0
"715","F4","L. flavus","Hexane",0
"716","F4","L. flavus","Hexane",0
"717","F4","L. flavus","Hexane",0
"718","F4","L. flavus","Hexane",0
"719","F4","L. flavus","Hexane",0
"720","F4","L. flavus","Hexane",0
"721","F4","L. flavus","Hexane",0
"722","F4","L. flavus","Hexane",0
"723","F4","L. flavus","Hexane",0
"724","F4","L. flavus","Hexane",0
"725","F4","L. flavus","Hexane",0
"726","F4","L. flavus","Hexane",0
"727","F4","L. flavus","Hexane",0
"728","F4","L. flavus","Hexane",0
"729","F4","L. flavus","Hexane",0
"730","F4","L. flavus","Hexane",0
"731","F4","L. flavus","Hexane",0
"732","F4","L. flavus","Hexane",0
"733","F4","L. flavus","Hexane",1
"734","F4","L. flavus","Hexane",0
"735","F4","L. flavus","3-meC25",0
"736","F4","L. flavus","3-meC25",0
"737","F4","L. flavus","3-meC25",0
"738","F4","L. flavus","3-meC25",0
"739","F4","L. flavus","3-meC25",0
"740","F4","L. flavus","3-meC25",0
"741","F4","L. flavus","3-meC25",0
"742","F4","L. flavus","3-meC25",0
"743","F4","L. flavus","3-meC25",0
"744","F4","L. flavus","3-meC25",0
"745","F4","L. flavus","3-meC25",0
"746","F4","L. flavus","3-meC25",0
"747","F4","L. flavus","3-meC25",0
"748","F4","L. flavus","3-meC25",0
"749","F4","L. flavus","3-meC25",0
"750","F4","L. flavus","3-meC25",1
"751","F4","L. flavus","3-meC25",0
"752","F4","L. flavus","3-meC25",0
"753","F4","L. flavus","3-meC25",0
"754","F4","L. flavus","3-meC25",0
"755","F4","L. flavus","3-meC25",0
"756","F4","L. flavus","3-meC25",0
"757","F4","L. flavus","3-meC25",0
"758","F4","L. flavus","3-meC25",0
"759","F4","L. flavus","3-meC25",0
"760","F4","L. flavus","3-meC25",0
"761","F4","L. flavus","3-meC25",0
"762","F4","L. flavus","3-meC25",0
"763","F4","L. flavus","3-meC25",0
"764","F4","L. flavus","3-meC25",0
"765","F4","L. flavus","3-meC31",0
"766","F4","L. flavus","3-meC31",0
"767","F4","L. flavus","3-meC31",0
"768","F4","L. flavus","3-meC31",0
"769","F4","L. flavus","3-meC31",0
"770","F4","L. flavus","3-meC31",0
"771","F4","L. flavus","3-meC31",0
"772","F4","L. flavus","3-meC31",0
"773","F4","L. flavus","3-meC31",0
"774","F4","L. flavus","3-meC31",0
"775","F4","L. flavus","3-meC31",0
"776","F4","L. flavus","3-meC31",0
"777","F4","L. flavus","3-meC31",0
"778","F4","L. flavus","3-meC31",0
"779","F4","L. flavus","3-meC31",0
"780","F4","L. flavus","3-meC31",0
"781","F4","L. flavus","3-meC31",0
"782","F4","L. flavus","3-meC31",0
"783","F4","L. flavus","3-meC31",0
"784","F4","L. flavus","3-meC31",0
"785","F4","L. flavus","3-meC31",0
"786","F4","L. flavus","3-meC31",0
"787","F4","L. flavus","3-meC31",0
"788","F4","L. flavus","3-meC31",0
"789","F4","L. flavus","3-meC31",0
"790","F4","L. flavus","3-meC31",0
"791","F4","L. flavus","3-meC31",0
"792","F4","L. flavus","3-meC31",0
"793","F4","L. flavus","3-meC31",0
"794","F4","L. flavus","3-meC31",0
"795","F4","L. flavus","3-meC31",0
"796","F4","L. flavus","3-meC31",0
"797","F4","L. flavus","3-meC31",0
"798","F4","L. flavus","3-meC31",0
"799","F4","L. flavus","3-meC31",0
"800","F4","L. flavus","3-meC31",0
"801","F4","L. flavus","3-meC31",0
"802","F4","L. flavus","3-meC31",0
"803","F4","L. flavus","3-meC31",0
"804","F4","L. flavus","3-meC33",0
"805","F4","L. flavus","3-meC33",0
"806","F4","L. flavus","3-meC33",0
"807","F4","L. flavus","3-meC33",0
"808","F4","L. flavus","3-meC33",0
"809","F4","L. flavus","3-meC33",0
"810","F4","L. flavus","3-meC33",0
"811","F4","L. flavus","3-meC33",0
"812","F4","L. flavus","3-meC33",0
"813","F4","L. flavus","3-meC33",0
"814","F4","L. flavus","3-meC33",0
"815","F4","L. flavus","3-meC33",0
"816","F4","L. flavus","3-meC33",0
"817","F4","L. flavus","3-meC33",0
"818","F4","L. flavus","3-meC33",0
"819","F4","L. flavus","3-meC33",0
"820","F4","L. flavus","3-meC33",0
"821","F4","L. flavus","3-meC33",0
"822","F4","L. flavus","3-meC33",0
"823","F4","L. flavus","3-meC33",0
"824","F4","L. flavus","3-meC33",0
"825","F4","L. flavus","3-meC33",0
"826","F4","L. flavus","3-meC33",0
"827","F4","L. flavus","3-meC33",0
"828","F4","L. flavus","3-meC33",0
"829","F4","L. flavus","3-meC33",0
"830","F4","L. flavus","3-meC33",0
"831","F4","L. flavus","3-meC33",0
"832","F4","L. flavus","3-meC33",0
"833","F4","L. flavus","3-meC33",0
"834","F4","L. flavus","3-meC35",0
"835","F4","L. flavus","3-meC35",0
"836","F4","L. flavus","3-meC35",0
"837","F4","L. flavus","3-meC35",0
"838","F4","L. flavus","3-meC35",0
"839","F4","L. flavus","3-meC35",1
"840","F4","L. flavus","3-meC35",1
"841","F4","L. flavus","3-meC35",0
"842","F4","L. flavus","3-meC35",0
"843","F4","L. flavus","3-meC35",0
"844","F4","L. flavus","3-meC35",0
"845","F4","L. flavus","3-meC35",0
"846","F4","L. flavus","3-meC35",0
"847","F4","L. flavus","3-meC35",0
"848","F4","L. flavus","3-meC35",0
"849","F4","L. flavus","3-meC35",0
"850","F4","L. flavus","3-meC35",0
"851","F4","L. flavus","3-meC35",0
"852","F4","L. flavus","3-meC35",0
"853","F4","L. flavus","3-meC35",0
"854","F4","L. flavus","3-meC35",0
"855","F4","L. flavus","3-meC35",0
"856","F4","L. flavus","3-meC35",0
"857","F4","L. flavus","3-meC35",0
"858","F4","L. flavus","3-meC35",0
"859","F4","L. flavus","3-meC35",0
"860","F4","L. flavus","3-meC35",0
"861","F4","L. flavus","3-meC35",0
"862","F4","L. flavus","3-meC35",0
"863","F4","L. flavus","3-meC35",0
"864","F4","L. flavus","3-meC35",0
"865","F4","L. flavus","3-meC35",1
"866","F4","L. flavus","3-meC35",0
"867","F4","L. flavus","3-meC35",0
"868","F4","L. flavus","3-meC35",0
"869","F4","L. flavus","3-meC35",0
"870","F4","L. flavus","3-meC35",0
"871","F4","L. flavus","3-meC35",0
"872","F5","L. flavus","C31",0
"873","F5","L. flavus","C31",0
"874","F5","L. flavus","C31",1
"875","F5","L. flavus","C31",0
"876","F5","L. flavus","C31",0
"877","F5","L. flavus","C31",0
"878","F5","L. flavus","C31",0
"879","F5","L. flavus","C31",0
"880","F5","L. flavus","Hexane",0
"881","F5","L. flavus","Hexane",0
"882","F5","L. flavus","Hexane",0
"883","F5","L. flavus","Hexane",0
"884","F5","L. flavus","Hexane",0
"885","F5","L. flavus","Hexane",0
"886","F5","L. flavus","Hexane",0
"887","F5","L. flavus","Hexane",0
"888","F5","L. flavus","Hexane",0
"889","F5","L. flavus","Hexane",0
"890","F5","L. flavus","Hexane",0
"891","F5","L. flavus","Hexane",0
"892","F5","L. flavus","Hexane",0
"893","F5","L. flavus","Hexane",0
"894","F5","L. flavus","Hexane",0
"895","F5","L. flavus","Hexane",0
"896","F5","L. flavus","Hexane",0
"897","F5","L. flavus","Hexane",0
"898","F5","L. flavus","Hexane",0
"899","F5","L. flavus","Hexane",0
"900","F5","L. flavus","Hexane",0
"901","F5","L. flavus","Hexane",0
"902","F5","L. flavus","Hexane",0
"903","F5","L. flavus","Hexane",0
"904","F5","L. flavus","Hexane",0
"905","F5","L. flavus","Hexane",0
"906","F5","L. flavus","Hexane",0
"907","F5","L. flavus","Hexane",0
"908","F5","L. flavus","Hexane",0
"909","F5","L. flavus","Hexane",0
"910","F5","L. flavus","Hexane",0
"911","F5","L. flavus","Hexane",0
"912","F5","L. flavus","Hexane",0
"913","F5","L. flavus","Hexane",0
"914","F5","L. flavus","Hexane",0
"915","F5","L. flavus","Hexane",0
"916","F5","L. flavus","3-meC25",0
"917","F5","L. flavus","3-meC25",0
"918","F5","L. flavus","3-meC25",1
"919","F5","L. flavus","3-meC25",0
"920","F5","L. flavus","3-meC25",0
"921","F5","L. flavus","3-meC25",0
"922","F5","L. flavus","3-meC25",0
"923","F5","L. flavus","3-meC25",0
"924","F5","L. flavus","3-meC25",0
"925","F5","L. flavus","3-meC25",0
"926","F5","L. flavus","3-meC25",0
"927","F5","L. flavus","3-meC25",0
"928","F5","L. flavus","3-meC25",0
"929","F5","L. flavus","3-meC25",0
"930","F5","L. flavus","3-meC25",0
"931","F5","L. flavus","3-meC25",0
"932","F5","L. flavus","3-meC25",0
"933","F5","L. flavus","3-meC25",0
"934","F5","L. flavus","3-meC25",0
"935","F5","L. flavus","3-meC25",0
"936","F5","L. flavus","3-meC25",0
"937","F5","L. flavus","3-meC25",0
"938","F5","L. flavus","3-meC25",0
"939","F5","L. flavus","3-meC25",0
"940","F5","L. flavus","3-meC25",0
"941","F5","L. flavus","3-meC25",0
"942","F5","L. flavus","3-meC25",0
"943","F5","L. flavus","3-meC25",0
"944","F5","L. flavus","3-meC25",0
"945","F5","L. flavus","3-meC25",0
"946","F5","L. flavus","3-meC25",0
"947","F5","L. flavus","3-meC25",0
"948","F5","L. flavus","3-meC25",1
"949","F5","L. flavus","3-meC25",0
"950","F5","L. flavus","3-meC25",0
"951","F5","L. flavus","3-meC25",1
"952","F5","L. flavus","3-meC25",0
"953","F5","L. flavus","3-meC25",1
"954","F5","L. flavus","3-meC25",0
"955","F5","L. flavus","3-meC31",0
"956","F5","L. flavus","3-meC31",0
"957","F5","L. flavus","3-meC31",0
"958","F5","L. flavus","3-meC31",0
"959","F5","L. flavus","3-meC31",0
"960","F5","L. flavus","3-meC31",0
"961","F5","L. flavus","3-meC31",0
"962","F5","L. flavus","3-meC31",0
"963","F5","L. flavus","3-meC31",0
"964","F5","L. flavus","3-meC31",0
"965","F5","L. flavus","3-meC31",0
"966","F5","L. flavus","3-meC31",0
"967","F5","L. flavus","3-meC31",0
"968","F5","L. flavus","3-meC31",0
"969","F5","L. flavus","3-meC31",0
"970","F5","L. flavus","3-meC31",0
"971","F5","L. flavus","3-meC31",0
"972","F5","L. flavus","3-meC31",0
"973","F5","L. flavus","3-meC31",0
"974","F5","L. flavus","3-meC31",0
"975","F5","L. flavus","3-meC31",0
"976","F5","L. flavus","3-meC31",0
"977","F5","L. flavus","3-meC31",0
"978","F5","L. flavus","3-meC31",0
"979","F5","L. flavus","3-meC31",0
"980","F5","L. flavus","3-meC31",0
"981","F5","L. flavus","3-meC31",0
"982","F5","L. flavus","3-meC31",0
"983","F5","L. flavus","3-meC31",0
"984","F5","L. flavus","3-meC31",0
"985","F5","L. flavus","3-meC31",0
"986","F5","L. flavus","3-meC31",0
"987","F5","L. flavus","3-meC31",0
"988","F5","L. flavus","3-meC31",0
"989","F5","L. flavus","3-meC33",0
"990","F5","L. flavus","3-meC33",1
"991","F5","L. flavus","3-meC33",0
"992","F5","L. flavus","3-meC33",0
"993","F5","L. flavus","3-meC33",0
"994","F5","L. flavus","3-meC33",0
"995","F5","L. flavus","3-meC33",0
"996","F5","L. flavus","3-meC33",0
"997","F5","L. flavus","3-meC33",0
"998","F5","L. flavus","3-meC33",0
"999","F5","L. flavus","3-meC33",0
"1000","F5","L. flavus","3-meC33",0
"1001","F5","L. flavus","3-meC33",0
"1002","F5","L. flavus","3-meC33",0
"1003","F5","L. flavus","3-meC33",0
"1004","F5","L. flavus","3-meC33",0
"1005","F5","L. flavus","3-meC33",0
"1006","F5","L. flavus","3-meC33",0
"1007","F5","L. flavus","3-meC33",0
"1008","F5","L. flavus","3-meC33",0
"1009","F5","L. flavus","3-meC33",0
"1010","F5","L. flavus","3-meC33",0
"1011","F5","L. flavus","3-meC33",0
"1012","F5","L. flavus","3-meC33",0
"1013","F5","L. flavus","3-meC33",0
"1014","F5","L. flavus","3-meC33",0
"1015","F5","L. flavus","3-meC33",0
"1016","F5","L. flavus","3-meC33",0
"1017","F5","L. flavus","3-meC33",0
"1018","F5","L. flavus","3-meC33",0
"1019","F5","L. flavus","3-meC33",0
"1020","F5","L. flavus","3-meC33",0
"1021","F5","L. flavus","3-meC33",0
"1022","F5","L. flavus","3-meC33",0
"1023","F5","L. flavus","3-meC35",0
"1024","F5","L. flavus","3-meC35",0
"1025","F5","L. flavus","3-meC35",0
"1026","F5","L. flavus","3-meC35",0
"1027","F5","L. flavus","3-meC35",0
"1028","F5","L. flavus","3-meC35",0
"1029","F5","L. flavus","3-meC35",0
"1030","F5","L. flavus","3-meC35",0
"1031","F5","L. flavus","3-meC35",0
"1032","F5","L. flavus","3-meC35",0
"1033","F5","L. flavus","3-meC35",0
"1034","F5","L. flavus","3-meC35",0
"1035","F5","L. flavus","3-meC35",0
"1036","F5","L. flavus","3-meC35",0
"1037","F5","L. flavus","3-meC35",0
"1038","F5","L. flavus","3-meC35",0
"1039","N1","L. niger","C31",0
"1040","N1","L. niger","C31",1
"1041","N1","L. niger","C31",1
"1042","N1","L. niger","C31",0
"1043","N1","L. niger","C31",1
"1044","N1","L. niger","C31",1
"1045","N1","L. niger","C31",1
"1046","N1","L. niger","C31",1
"1047","N1","L. niger","C31",0
"1048","N1","L. niger","C31",1
"1049","N1","L. niger","C31",0
"1050","N1","L. niger","C31",0
"1051","N1","L. niger","C31",1
"1052","N1","L. niger","C31",1
"1053","N1","L. niger","C31",0
"1054","N1","L. niger","Hexane",1
"1055","N1","L. niger","Hexane",0
"1056","N1","L. niger","Hexane",0
"1057","N1","L. niger","Hexane",0
"1058","N1","L. niger","Hexane",0
"1059","N1","L. niger","Hexane",1
"1060","N1","L. niger","Hexane",0
"1061","N1","L. niger","Hexane",1
"1062","N1","L. niger","Hexane",0
"1063","N1","L. niger","Hexane",1
"1064","N1","L. niger","Hexane",0
"1065","N1","L. niger","Hexane",0
"1066","N1","L. niger","Hexane",1
"1067","N1","L. niger","3-meC25",0
"1068","N1","L. niger","3-meC25",1
"1069","N1","L. niger","3-meC25",1
"1070","N1","L. niger","3-meC25",1
"1071","N1","L. niger","3-meC25",0
"1072","N1","L. niger","3-meC25",0
"1073","N1","L. niger","3-meC25",1
"1074","N1","L. niger","3-meC25",0
"1075","N1","L. niger","3-meC25",1
"1076","N1","L. niger","3-meC25",0
"1077","N1","L. niger","3-meC25",0
"1078","N1","L. niger","3-meC25",0
"1079","N1","L. niger","3-meC25",0
"1080","N1","L. niger","3-meC25",0
"1081","N1","L. niger","3-meC31",0
"1082","N1","L. niger","3-meC31",0
"1083","N1","L. niger","3-meC31",0
"1084","N1","L. niger","3-meC31",0
"1085","N1","L. niger","3-meC31",0
"1086","N1","L. niger","3-meC31",0
"1087","N1","L. niger","3-meC31",0
"1088","N1","L. niger","3-meC31",0
"1089","N1","L. niger","3-meC31",0
"1090","N1","L. niger","3-meC31",0
"1091","N1","L. niger","3-meC31",0
"1092","N1","L. niger","3-meC31",0
"1093","N1","L. niger","3-meC31",0
"1094","N1","L. niger","3-meC31",0
"1095","N1","L. niger","3-meC35",0
"1096","N1","L. niger","3-meC35",0
"1097","N1","L. niger","3-meC35",0
"1098","N1","L. niger","3-meC35",0
"1099","N1","L. niger","3-meC35",0
"1100","N1","L. niger","3-meC35",1
"1101","N1","L. niger","3-meC35",0
"1102","N1","L. niger","3-meC35",0
"1103","N1","L. niger","3-meC35",0
"1104","N1","L. niger","3-meC35",0
"1105","N1","L. niger","3-meC35",1
"1106","N1","L. niger","3-meC35",0
"1107","N1","L. niger","3-meC35",0
"1108","N1","L. niger","3-meC35",1
"1109","N1","L. niger","3-meC35",0
"1110","N1","L. niger","3-meC35",0
"1111","N2","L. niger","Hexane",0
"1112","N2","L. niger","Hexane",0
"1113","N2","L. niger","Hexane",0
"1114","N2","L. niger","Hexane",0
"1115","N2","L. niger","Hexane",0
"1116","N2","L. niger","Hexane",0
"1117","N2","L. niger","Hexane",1
"1118","N2","L. niger","Hexane",0
"1119","N2","L. niger","Hexane",0
"1120","N2","L. niger","Hexane",0
"1121","N2","L. niger","Hexane",0
"1122","N2","L. niger","Hexane",0
"1123","N2","L. niger","Hexane",0
"1124","N2","L. niger","Hexane",0
"1125","N2","L. niger","Hexane",0
"1126","N2","L. niger","Hexane",0
"1127","N2","L. niger","Hexane",0
"1128","N2","L. niger","Hexane",0
"1129","N2","L. niger","Hexane",0
"1130","N2","L. niger","Hexane",0
"1131","N2","L. niger","Hexane",0
"1132","N2","L. niger","3-meC25",0
"1133","N2","L. niger","3-meC25",0
"1134","N2","L. niger","3-meC25",0
"1135","N2","L. niger","3-meC25",0
"1136","N2","L. niger","3-meC25",0
"1137","N2","L. niger","3-meC25",0
"1138","N2","L. niger","3-meC25",0
"1139","N2","L. niger","3-meC25",0
"1140","N2","L. niger","3-meC25",0
"1141","N2","L. niger","3-meC25",0
"1142","N2","L. niger","3-meC25",0
"1143","N2","L. niger","3-meC25",0
"1144","N2","L. niger","3-meC25",0
"1145","N2","L. niger","3-meC25",0
"1146","N2","L. niger","3-meC25",0
"1147","N2","L. niger","3-meC25",0
"1148","N2","L. niger","3-meC25",0
"1149","N2","L. niger","3-meC25",0
"1150","N2","L. niger","3-meC25",1
"1151","N2","L. niger","3-meC25",0
"1152","N2","L. niger","3-meC25",0
"1153","N2","L. niger","3-meC25",0
"1154","N2","L. niger","3-meC25",0
"1155","N2","L. niger","3-meC25",0
"1156","N2","L. niger","3-meC25",0
"1157","N2","L. niger","3-meC31",0
"1158","N2","L. niger","3-meC31",0
"1159","N2","L. niger","3-meC31",0
"1160","N2","L. niger","3-meC31",0
"1161","N2","L. niger","3-meC31",0
"1162","N2","L. niger","3-meC31",0
"1163","N2","L. niger","3-meC31",0
"1164","N2","L. niger","3-meC31",0
"1165","N2","L. niger","3-meC31",0
"1166","N2","L. niger","3-meC31",0
"1167","N2","L. niger","3-meC31",0
"1168","N2","L. niger","3-meC31",0
"1169","N2","L. niger","3-meC31",0
"1170","N2","L. niger","3-meC31",0
"1171","N2","L. niger","3-meC31",0
"1172","N2","L. niger","3-meC31",0
"1173","N2","L. niger","3-meC31",0
"1174","N2","L. niger","3-meC31",0
"1175","N2","L. niger","3-meC33",0
"1176","N2","L. niger","3-meC33",0
"1177","N2","L. niger","3-meC33",0
"1178","N2","L. niger","3-meC33",0
"1179","N2","L. niger","3-meC33",0
"1180","N2","L. niger","3-meC33",0
"1181","N2","L. niger","3-meC33",0
"1182","N2","L. niger","3-meC33",0
"1183","N2","L. niger","3-meC33",0
"1184","N2","L. niger","3-meC33",0
"1185","N2","L. niger","3-meC33",0
"1186","N2","L. niger","3-meC33",0
"1187","N2","L. niger","3-meC33",0
"1188","N2","L. niger","3-meC33",0
"1189","N2","L. niger","3-meC33",0
"1190","N2","L. niger","3-meC33",0
"1191","N2","L. niger","3-meC33",0
"1192","N2","L. niger","3-meC33",1
"1193","N2","L. niger","3-meC33",0
"1194","N2","L. niger","3-meC33",0
"1195","N2","L. niger","3-meC33",0
"1196","N2","L. niger","3-meC33",0
"1197","N2","L. niger","3-meC35",0
"1198","N2","L. niger","3-meC35",0
"1199","N2","L. niger","3-meC35",0
"1200","N2","L. niger","3-meC35",0
"1201","N2","L. niger","3-meC35",0
"1202","N2","L. niger","3-meC35",0
"1203","N2","L. niger","3-meC35",0
"1204","N2","L. niger","3-meC35",0
"1205","N2","L. niger","3-meC35",0
"1206","N2","L. niger","3-meC35",0
"1207","N2","L. niger","3-meC35",0
"1208","N2","L. niger","3-meC35",0
"1209","N2","L. niger","3-meC35",0
"1210","N2","L. niger","3-meC35",0
"1211","N2","L. niger","3-meC35",0
"1212","N2","L. niger","3-meC35",0
"1213","N2","L. niger","3-meC35",0
"1214","N2","L. niger","3-meC35",0
"1215","N2","L. niger","3-meC35",0
"1216","N2","L. niger","3-meC35",0
"1217","N2","L. niger","3-meC35",0
"1218","N2","L. niger","3-meC35",0
"1219","N2","L. niger","3-meC35",0
"1220","N2","L. niger","3-meC35",1
"1221","N2","L. niger","3-meC35",0
"1222","N2","L. niger","3-meC35",0
"1223","N2","L. niger","3-meC35",0
"1224","N2","L. niger","3-meC35",0
"1225","N2","L. niger","3-meC35",0
"1226","N2","L. niger","3-meC35",0
"1227","N2","L. niger","3-meC35",0
"1228","N2","L. niger","3-meC35",0
"1229","N2","L. niger","3-meC35",0
"1230","N3","L. niger","C31",0
"1231","N3","L. niger","C31",0
"1232","N3","L. niger","C31",1
"1233","N3","L. niger","C31",0
"1234","N3","L. niger","C31",1
"1235","N3","L. niger","C31",0
"1236","N3","L. niger","C31",0
"1237","N3","L. niger","C31",0
"1238","N3","L. niger","C31",0
"1239","N3","L. niger","C31",0
"1240","N3","L. niger","C31",0
"1241","N3","L. niger","C31",0
"1242","N3","L. niger","C31",0
"1243","N3","L. niger","C31",0
"1244","N3","L. niger","C31",1
"1245","N3","L. niger","C31",0
"1246","N3","L. niger","C31",1
"1247","N3","L. niger","C31",0
"1248","N3","L. niger","C31",0
"1249","N3","L. niger","C31",0
"1250","N3","L. niger","C31",1
"1251","N3","L. niger","C31",0
"1252","N3","L. niger","C31",1
"1253","N3","L. niger","C31",0
"1254","N3","L. niger","C31",0
"1255","N3","L. niger","C31",0
"1256","N3","L. niger","C31",0
"1257","N3","L. niger","C31",1
"1258","N3","L. niger","C31",1
"1259","N3","L. niger","C31",0
"1260","N3","L. niger","C31",0
"1261","N3","L. niger","C31",0
"1262","N3","L. niger","Hexane",0
"1263","N3","L. niger","Hexane",1
"1264","N3","L. niger","Hexane",0
"1265","N3","L. niger","Hexane",0
"1266","N3","L. niger","Hexane",0
"1267","N3","L. niger","Hexane",0
"1268","N3","L. niger","Hexane",0
"1269","N3","L. niger","Hexane",0
"1270","N3","L. niger","Hexane",0
"1271","N3","L. niger","Hexane",0
"1272","N3","L. niger","Hexane",1
"1273","N3","L. niger","Hexane",0
"1274","N3","L. niger","Hexane",0
"1275","N3","L. niger","Hexane",0
"1276","N3","L. niger","Hexane",0
"1277","N3","L. niger","Hexane",0
"1278","N3","L. niger","Hexane",0
"1279","N3","L. niger","Hexane",0
"1280","N3","L. niger","Hexane",0
"1281","N3","L. niger","Hexane",0
"1282","N3","L. niger","Hexane",0
"1283","N3","L. niger","Hexane",0
"1284","N3","L. niger","Hexane",0
"1285","N3","L. niger","3-meC25",0
"1286","N3","L. niger","3-meC25",1
"1287","N3","L. niger","3-meC25",1
"1288","N3","L. niger","3-meC25",0
"1289","N3","L. niger","3-meC25",0
"1290","N3","L. niger","3-meC25",0
"1291","N3","L. niger","3-meC25",0
"1292","N3","L. niger","3-meC25",0
"1293","N3","L. niger","3-meC25",0
"1294","N3","L. niger","3-meC25",0
"1295","N3","L. niger","3-meC25",0
"1296","N3","L. niger","3-meC25",1
"1297","N3","L. niger","3-meC25",0
"1298","N3","L. niger","3-meC25",0
"1299","N3","L. niger","3-meC25",0
"1300","N3","L. niger","3-meC25",0
"1301","N3","L. niger","3-meC25",0
"1302","N3","L. niger","3-meC25",0
"1303","N3","L. niger","3-meC25",1
"1304","N3","L. niger","3-meC25",0
"1305","N3","L. niger","3-meC25",0
"1306","N3","L. niger","3-meC25",0
"1307","N3","L. niger","3-meC25",0
"1308","N3","L. niger","3-meC25",0
"1309","N3","L. niger","3-meC25",0
"1310","N3","L. niger","3-meC25",0
"1311","N3","L. niger","3-meC31",0
"1312","N3","L. niger","3-meC31",0
"1313","N3","L. niger","3-meC31",0
"1314","N3","L. niger","3-meC31",0
"1315","N3","L. niger","3-meC31",0
"1316","N3","L. niger","3-meC31",0
"1317","N3","L. niger","3-meC31",0
"1318","N3","L. niger","3-meC31",0
"1319","N3","L. niger","3-meC31",0
"1320","N3","L. niger","3-meC31",0
"1321","N3","L. niger","3-meC31",0
"1322","N3","L. niger","3-meC31",0
"1323","N3","L. niger","3-meC31",0
"1324","N3","L. niger","3-meC31",0
"1325","N3","L. niger","3-meC31",0
"1326","N3","L. niger","3-meC31",0
"1327","N3","L. niger","3-meC31",0
"1328","N3","L. niger","3-meC33",1
"1329","N3","L. niger","3-meC33",0
"1330","N3","L. niger","3-meC33",0
"1331","N3","L. niger","3-meC33",0
"1332","N3","L. niger","3-meC33",0
"1333","N3","L. niger","3-meC33",0
"1334","N3","L. niger","3-meC33",0
"1335","N3","L. niger","3-meC33",0
"1336","N3","L. niger","3-meC33",0
"1337","N3","L. niger","3-meC33",0
"1338","N3","L. niger","3-meC33",0
"1339","N3","L. niger","3-meC33",0
"1340","N3","L. niger","3-meC33",0
"1341","N3","L. niger","3-meC33",0
"1342","N3","L. niger","3-meC33",0
"1343","N3","L. niger","3-meC33",0
"1344","N3","L. niger","3-meC33",0
"1345","N3","L. niger","3-meC33",0
"1346","N3","L. niger","3-meC33",0
"1347","N3","L. niger","3-meC33",0
"1348","N3","L. niger","3-meC33",0
"1349","N3","L. niger","3-meC33",0
"1350","N3","L. niger","3-meC33",0
"1351","N3","L. niger","3-meC33",0
"1352","N3","L. niger","3-meC33",0
"1353","N3","L. niger","3-meC33",0
"1354","N3","L. niger","3-meC33",0
"1355","N3","L. niger","3-meC33",0
"1356","N3","L. niger","3-meC33",0
"1357","N3","L. niger","3-meC35",0
"1358","N3","L. niger","3-meC35",0
"1359","N3","L. niger","3-meC35",0
"1360","N3","L. niger","3-meC35",0
"1361","N3","L. niger","3-meC35",0
"1362","N3","L. niger","3-meC35",0
"1363","N3","L. niger","3-meC35",0
"1364","N3","L. niger","3-meC35",0
"1365","N3","L. niger","3-meC35",0
"1366","N3","L. niger","3-meC35",0
"1367","N3","L. niger","3-meC35",0
"1368","N3","L. niger","3-meC35",0
"1369","N3","L. niger","3-meC35",0
"1370","N3","L. niger","3-meC35",0
"1371","N3","L. niger","3-meC35",0
"1372","N3","L. niger","3-meC35",0
"1373","N3","L. niger","3-meC35",0
"1374","N3","L. niger","3-meC35",0
"1375","N3","L. niger","3-meC35",0
"1376","N3","L. niger","3-meC35",0
"1377","N3","L. niger","3-meC35",0
"1378","N3","L. niger","3-meC35",0
"1379","N3","L. niger","3-meC35",0
"1380","N3","L. niger","3-meC35",0
"1381","N4","L. niger","C31",0
"1382","N4","L. niger","C31",0
"1383","N4","L. niger","C31",1
"1384","N4","L. niger","C31",0
"1385","N4","L. niger","C31",0
"1386","N4","L. niger","C31",0
"1387","N4","L. niger","C31",0
"1388","N4","L. niger","C31",0
"1389","N4","L. niger","C31",0
"1390","N4","L. niger","C31",0
"1391","N4","L. niger","C31",0
"1392","N4","L. niger","C31",0
"1393","N4","L. niger","C31",0
"1394","N4","L. niger","C31",0
"1395","N4","L. niger","C31",0
"1396","N4","L. niger","C31",0
"1397","N4","L. niger","C31",0
"1398","N4","L. niger","C31",0
"1399","N4","L. niger","C31",0
"1400","N4","L. niger","C31",0
"1401","N4","L. niger","C31",0
"1402","N4","L. niger","C31",0
"1403","N4","L. niger","C31",0
"1404","N4","L. niger","C31",0
"1405","N4","L. niger","C31",0
"1406","N4","L. niger","C31",0
"1407","N4","L. niger","C31",0
"1408","N4","L. niger","C31",0
"1409","N4","L. niger","Hexane",0
"1410","N4","L. niger","Hexane",1
"1411","N4","L. niger","Hexane",0
"1412","N4","L. niger","Hexane",0
"1413","N4","L. niger","Hexane",0
"1414","N4","L. niger","Hexane",0
"1415","N4","L. niger","Hexane",0
"1416","N4","L. niger","Hexane",0
"1417","N4","L. niger","Hexane",0
"1418","N4","L. niger","Hexane",0
"1419","N4","L. niger","Hexane",0
"1420","N4","L. niger","Hexane",0
"1421","N4","L. niger","Hexane",0
"1422","N4","L. niger","Hexane",0
"1423","N4","L. niger","Hexane",0
"1424","N4","L. niger","3-meC25",0
"1425","N4","L. niger","3-meC25",0
"1426","N4","L. niger","3-meC25",0
"1427","N4","L. niger","3-meC25",0
"1428","N4","L. niger","3-meC25",0
"1429","N4","L. niger","3-meC25",0
"1430","N4","L. niger","3-meC25",0
"1431","N4","L. niger","3-meC25",0
"1432","N4","L. niger","3-meC25",0
"1433","N4","L. niger","3-meC25",0
"1434","N4","L. niger","3-meC25",0
"1435","N4","L. niger","3-meC25",0
"1436","N4","L. niger","3-meC25",0
"1437","N4","L. niger","3-meC25",0
"1438","N4","L. niger","3-meC25",0
"1439","N4","L. niger","3-meC25",0
"1440","N4","L. niger","3-meC25",0
"1441","N4","L. niger","3-meC25",0
"1442","N4","L. niger","3-meC25",0
"1443","N4","L. niger","3-meC25",0
"1444","N4","L. niger","3-meC25",0
"1445","N4","L. niger","3-meC25",0
"1446","N4","L. niger","3-meC25",0
"1447","N4","L. niger","3-meC25",0
"1448","N4","L. niger","3-meC25",0
"1449","N4","L. niger","3-meC25",0
"1450","N4","L. niger","3-meC25",0
"1451","N4","L. niger","3-meC25",0
"1452","N4","L. niger","3-meC25",0
"1453","N4","L. niger","3-meC25",0
"1454","N4","L. niger","3-meC25",0
"1455","N4","L. niger","3-meC25",0
"1456","N4","L. niger","3-meC31",0
"1457","N4","L. niger","3-meC31",0
"1458","N4","L. niger","3-meC31",0
"1459","N4","L. niger","3-meC31",0
"1460","N4","L. niger","3-meC31",0
"1461","N4","L. niger","3-meC31",0
"1462","N4","L. niger","3-meC31",0
"1463","N4","L. niger","3-meC31",0
"1464","N4","L. niger","3-meC31",0
"1465","N4","L. niger","3-meC31",0
"1466","N4","L. niger","3-meC31",0
"1467","N4","L. niger","3-meC31",0
"1468","N4","L. niger","3-meC31",0
"1469","N4","L. niger","3-meC31",0
"1470","N4","L. niger","3-meC31",0
"1471","N4","L. niger","3-meC31",0
"1472","N4","L. niger","3-meC31",0
"1473","N4","L. niger","3-meC31",0
"1474","N4","L. niger","3-meC33",0
"1475","N4","L. niger","3-meC33",0
"1476","N4","L. niger","3-meC33",0
"1477","N4","L. niger","3-meC33",0
"1478","N4","L. niger","3-meC33",0
"1479","N4","L. niger","3-meC33",0
"1480","N4","L. niger","3-meC33",0
"1481","N4","L. niger","3-meC33",0
"1482","N4","L. niger","3-meC33",0
"1483","N4","L. niger","3-meC33",0
"1484","N4","L. niger","3-meC33",0
"1485","N4","L. niger","3-meC33",0
"1486","N4","L. niger","3-meC33",0
"1487","N4","L. niger","3-meC33",0
"1488","N4","L. niger","3-meC33",0
"1489","N4","L. niger","3-meC33",0
"1490","N4","L. niger","3-meC33",0
"1491","N4","L. niger","3-meC33",0
"1492","N4","L. niger","3-meC33",0
"1493","N4","L. niger","3-meC33",0
"1494","N4","L. niger","3-meC33",0
"1495","N4","L. niger","3-meC33",0
"1496","N4","L. niger","3-meC33",0
"1497","N4","L. niger","3-meC33",0
"1498","N4","L. niger","3-meC33",0
"1499","N4","L. niger","3-meC33",0
"1500","N4","L. niger","3-meC33",0
"1501","N4","L. niger","3-meC33",0
"1502","N4","L. niger","3-meC33",0
"1503","N4","L. niger","3-meC33",0
"1504","N4","L. niger","3-meC33",0
"1505","N4","L. niger","3-meC33",0
"1506","N4","L. niger","3-meC33",0
"1507","N4","L. niger","3-meC33",0
"1508","N4","L. niger","3-meC35",0
"1509","N4","L. niger","3-meC35",0
"1510","N4","L. niger","3-meC35",0
"1511","N4","L. niger","3-meC35",0
"1512","N4","L. niger","3-meC35",0
"1513","N4","L. niger","3-meC35",0
"1514","N4","L. niger","3-meC35",0
"1515","N4","L. niger","3-meC35",0
"1516","N4","L. niger","3-meC35",0
"1517","N4","L. niger","3-meC35",0
"1518","N4","L. niger","3-meC35",1
"1519","N4","L. niger","3-meC35",0
"1520","N4","L. niger","3-meC35",0
"1521","N4","L. niger","3-meC35",0
"1522","N4","L. niger","3-meC35",0
"1523","N4","L. niger","3-meC35",0
"1524","N4","L. niger","3-meC35",0
"1525","N4","L. niger","3-meC35",0
"1526","N4","L. niger","3-meC35",0
"1527","N4","L. niger","3-meC35",0
"1528","N4","L. niger","3-meC35",0
"1529","N4","L. niger","3-meC35",0
"1530","N4","L. niger","3-meC35",0
"1531","N4","L. niger","3-meC35",0
"1532","N4","L. niger","3-meC35",1
"1533","N4","L. niger","3-meC35",0
"1534","N4","L. niger","3-meC35",0
"1535","N4","L. niger","3-meC35",0
"1536","N4","L. niger","3-meC35",0
"1537","N4","L. niger","3-meC35",0
"1538","N4","L. niger","3-meC35",0
"1539","N4","L. niger","3-meC35",0
"1540","N5","L. niger","C31",0
"1541","N5","L. niger","C31",0
"1542","N5","L. niger","C31",0
"1543","N5","L. niger","C31",0
"1544","N5","L. niger","C31",0
"1545","N5","L. niger","C31",0
"1546","N5","L. niger","C31",0
"1547","N5","L. niger","C31",0
"1548","N5","L. niger","C31",0
"1549","N5","L. niger","C31",0
"1550","N5","L. niger","C31",0
"1551","N5","L. niger","C31",0
"1552","N5","L. niger","C31",0
"1553","N5","L. niger","C31",0
"1554","N5","L. niger","C31",0
"1555","N5","L. niger","C31",0
"1556","N5","L. niger","C31",0
"1557","N5","L. niger","C31",0
"1558","N5","L. niger","C31",0
"1559","N5","L. niger","C31",0
"1560","N5","L. niger","C31",0
"1561","N5","L. niger","C31",0
"1562","N5","L. niger","C31",0
"1563","N5","L. niger","C31",0
"1564","N5","L. niger","C31",0
"1565","N5","L. niger","C31",0
"1566","N5","L. niger","C31",0
"1567","N5","L. niger","C31",0
"1568","N5","L. niger","Hexane",0
"1569","N5","L. niger","Hexane",0
"1570","N5","L. niger","Hexane",0
"1571","N5","L. niger","Hexane",1
"1572","N5","L. niger","Hexane",0
"1573","N5","L. niger","Hexane",0
"1574","N5","L. niger","Hexane",0
"1575","N5","L. niger","Hexane",0
"1576","N5","L. niger","Hexane",0
"1577","N5","L. niger","Hexane",0
"1578","N5","L. niger","Hexane",0
"1579","N5","L. niger","Hexane",1
"1580","N5","L. niger","Hexane",0
"1581","N5","L. niger","Hexane",1
"1582","N5","L. niger","Hexane",0
"1583","N5","L. niger","Hexane",0
"1584","N5","L. niger","Hexane",0
"1585","N5","L. niger","Hexane",0
"1586","N5","L. niger","Hexane",0
"1587","N5","L. niger","Hexane",0
"1588","N5","L. niger","Hexane",0
"1589","N5","L. niger","Hexane",0
"1590","N5","L. niger","Hexane",0
"1591","N5","L. niger","Hexane",0
"1592","N5","L. niger","Hexane",0
"1593","N5","L. niger","Hexane",0
"1594","N5","L. niger","Hexane",0
"1595","N5","L. niger","Hexane",0
"1596","N5","L. niger","Hexane",0
"1597","N5","L. niger","Hexane",1
"1598","N5","L. niger","Hexane",0
"1599","N5","L. niger","Hexane",1
"1600","N5","L. niger","Hexane",0
"1601","N5","L. niger","Hexane",0
"1602","N5","L. niger","Hexane",0
"1603","N5","L. niger","Hexane",0
"1604","N5","L. niger","Hexane",0
"1605","N5","L. niger","Hexane",0
"1606","N5","L. niger","Hexane",0
"1607","N5","L. niger","Hexane",0
"1608","N5","L. niger","3-meC25",1
"1609","N5","L. niger","3-meC25",0
"1610","N5","L. niger","3-meC25",0
"1611","N5","L. niger","3-meC25",0
"1612","N5","L. niger","3-meC25",0
"1613","N5","L. niger","3-meC25",0
"1614","N5","L. niger","3-meC25",0
"1615","N5","L. niger","3-meC25",0
"1616","N5","L. niger","3-meC25",0
"1617","N5","L. niger","3-meC25",1
"1618","N5","L. niger","3-meC25",0
"1619","N5","L. niger","3-meC25",0
"1620","N5","L. niger","3-meC25",0
"1621","N5","L. niger","3-meC25",0
"1622","N5","L. niger","3-meC25",1
"1623","N5","L. niger","3-meC25",1
"1624","N5","L. niger","3-meC25",0
"1625","N5","L. niger","3-meC25",0
"1626","N5","L. niger","3-meC25",0
"1627","N5","L. niger","3-meC25",1
"1628","N5","L. niger","3-meC25",0
"1629","N5","L. niger","3-meC25",0
"1630","N5","L. niger","3-meC25",0
"1631","N5","L. niger","3-meC25",0
"1632","N5","L. niger","3-meC25",0
"1633","N5","L. niger","3-meC31",0
"1634","N5","L. niger","3-meC31",0
"1635","N5","L. niger","3-meC31",0
"1636","N5","L. niger","3-meC31",0
"1637","N5","L. niger","3-meC31",0
"1638","N5","L. niger","3-meC31",0
"1639","N5","L. niger","3-meC31",0
"1640","N5","L. niger","3-meC31",0
"1641","N5","L. niger","3-meC31",0
"1642","N5","L. niger","3-meC31",0
"1643","N5","L. niger","3-meC31",0
"1644","N5","L. niger","3-meC31",0
"1645","N5","L. niger","3-meC31",0
"1646","N5","L. niger","3-meC31",0
"1647","N5","L. niger","3-meC31",0
"1648","N5","L. niger","3-meC31",0
"1649","N5","L. niger","3-meC31",0
"1650","N5","L. niger","3-meC31",0
"1651","N5","L. niger","3-meC31",0
"1652","N5","L. niger","3-meC31",0
"1653","N5","L. niger","3-meC31",0
"1654","N5","L. niger","3-meC31",0
"1655","N5","L. niger","3-meC31",0
"1656","N5","L. niger","3-meC31",0
"1657","N5","L. niger","3-meC31",0
"1658","N5","L. niger","3-meC31",1
"1659","N5","L. niger","3-meC31",0
"1660","N5","L. niger","3-meC31",0
"1661","N5","L. niger","3-meC31",0
"1662","N5","L. niger","3-meC31",0
"1663","N5","L. niger","3-meC31",1
"1664","N5","L. niger","3-meC31",1
"1665","N5","L. niger","3-meC31",0
"1666","N5","L. niger","3-meC31",0
"1667","N5","L. niger","3-meC31",0
"1668","N5","L. niger","3-meC31",0
"1669","N5","L. niger","3-meC31",1
"1670","N5","L. niger","3-meC33",1
"1671","N5","L. niger","3-meC33",0
"1672","N5","L. niger","3-meC33",0
"1673","N5","L. niger","3-meC33",0
"1674","N5","L. niger","3-meC33",0
"1675","N5","L. niger","3-meC33",0
"1676","N5","L. niger","3-meC33",0
"1677","N5","L. niger","3-meC33",0
"1678","N5","L. niger","3-meC33",0
"1679","N5","L. niger","3-meC33",0
"1680","N5","L. niger","3-meC33",0
"1681","N5","L. niger","3-meC33",0
"1682","N5","L. niger","3-meC33",0
"1683","N5","L. niger","3-meC33",0
"1684","N5","L. niger","3-meC33",1
"1685","N5","L. niger","3-meC33",0
"1686","N5","L. niger","3-meC33",0
"1687","N5","L. niger","3-meC33",1
"1688","N5","L. niger","3-meC33",0
"1689","N5","L. niger","3-meC33",0
"1690","N5","L. niger","3-meC33",1
"1691","N5","L. niger","3-meC33",0
"1692","N5","L. niger","3-meC33",0
"1693","N5","L. niger","3-meC33",1
"1694","N5","L. niger","3-meC33",0
"1695","N5","L. niger","3-meC33",0
"1696","N5","L. niger","3-meC33",0
"1697","N5","L. niger","3-meC33",0
"1698","N5","L. niger","3-meC33",1
"1699","N5","L. niger","3-meC33",0
"1700","N5","L. niger","3-meC33",0
"1701","N5","L. niger","3-meC33",0
"1702","N5","L. niger","3-meC33",0
"1703","N5","L. niger","3-meC33",0
"1704","N5","L. niger","3-meC33",0
"1705","N5","L. niger","3-meC33",0
"1706","N5","L. niger","3-meC33",0
"1707","N5","L. niger","3-meC33",0
"1708","N5","L. niger","3-meC33",0
"1709","N5","L. niger","3-meC33",0
"1710","N5","L. niger","3-meC33",1
"1711","N5","L. niger","3-meC33",0
"1712","N5","L. niger","3-meC33",0
"1713","N5","L. niger","3-meC33",1
"1714","N5","L. niger","3-meC33",1
"1715","N5","L. niger","3-meC33",1
"1716","N5","L. niger","3-meC33",0
"1717","N5","L. niger","3-meC33",0
"1718","N5","L. niger","3-meC33",1
"1719","N5","L. niger","3-meC33",0
"1720","N5","L. niger","3-meC33",0
"1721","N5","L. niger","3-meC35",0
"1722","N5","L. niger","3-meC35",0
"1723","N5","L. niger","3-meC35",0
"1724","N5","L. niger","3-meC35",0
"1725","N5","L. niger","3-meC35",0
"1726","N5","L. niger","3-meC35",0
"1727","N5","L. niger","3-meC35",0
"1728","N5","L. niger","3-meC35",0
"1729","N5","L. niger","3-meC35",1
"1730","N5","L. niger","3-meC35",0
"1731","N5","L. niger","3-meC35",0
"1732","N5","L. niger","3-meC35",0
"1733","N5","L. niger","3-meC35",0
"1734","N5","L. niger","3-meC35",0
"1735","N5","L. niger","3-meC35",1
"1736","N5","L. niger","3-meC35",0
"1737","N5","L. niger","3-meC35",0
"1738","N5","L. niger","3-meC35",0
"1739","N5","L. niger","3-meC35",0
"1740","N5","L. niger","3-meC35",0
"1741","N5","L. niger","3-meC35",0
"1742","N5","L. niger","3-meC35",0
"1743","N5","L. niger","3-meC35",0
"1744","N5","L. niger","3-meC35",0
"1745","N5","L. niger","3-meC35",0
"1746","N5","L. niger","3-meC35",0
"1747","N5","L. niger","3-meC35",0
"1748","N5","L. niger","3-meC35",1
"1749","N5","L. niger","3-meC35",0
"1750","N5","L. niger","3-meC35",0
"1751","N5","L. niger","3-meC35",1
"1752","N5","L. niger","3-meC35",0
"1753","L1","L. lasioides","3-meC25",1
"1754","L1","L. lasioides","3-meC25",0
"1755","L1","L. lasioides","3-meC25",1
"1756","L1","L. lasioides","3-meC25",0
"1757","L1","L. lasioides","3-meC25",1
"1758","L1","L. lasioides","3-meC25",0
"1759","L1","L. lasioides","3-meC25",1
"1760","L1","L. lasioides","3-meC25",0
"1761","L1","L. lasioides","3-meC25",0
"1762","L1","L. lasioides","3-meC25",1
"1763","L1","L. lasioides","3-meC25",0
"1764","L1","L. lasioides","3-meC25",0
"1765","L1","L. lasioides","3-meC25",0
"1766","L1","L. lasioides","3-meC25",1
"1767","L1","L. lasioides","3-meC25",0
"1768","L1","L. lasioides","3-meC25",1
"1769","L1","L. lasioides","3-meC25",0
"1770","L1","L. lasioides","3-meC25",1
"1771","L1","L. lasioides","3-meC25",0
"1772","L1","L. lasioides","3-meC25",0
"1773","L1","L. lasioides","3-meC25",1
"1774","L1","L. lasioides","3-meC25",0
"1775","L1","L. lasioides","C31",1
"1776","L1","L. lasioides","C31",0
"1777","L1","L. lasioides","C31",0
"1778","L1","L. lasioides","C31",0
"1779","L1","L. lasioides","C31",0
"1780","L1","L. lasioides","C31",1
"1781","L1","L. lasioides","3-meC33",1
"1782","L1","L. lasioides","3-meC33",1
"1783","L1","L. lasioides","3-meC33",0
"1784","L1","L. lasioides","3-meC33",0
"1785","L1","L. lasioides","3-meC33",1
"1786","L1","L. lasioides","3-meC33",0
"1787","L1","L. lasioides","3-meC33",0
"1788","L1","L. lasioides","3-meC33",0
"1789","L1","L. lasioides","3-meC33",0
"1790","L1","L. lasioides","3-meC33",0
"1791","L1","L. lasioides","3-meC33",0
"1792","L1","L. lasioides","3-meC33",0
"1793","L1","L. lasioides","3-meC33",0
"1794","L1","L. lasioides","Hexane",0
"1795","L1","L. lasioides","Hexane",1
"1796","L1","L. lasioides","Hexane",1
"1797","L1","L. lasioides","Hexane",0
"1798","L1","L. lasioides","Hexane",0
"1799","L1","L. lasioides","Hexane",0
"1800","L1","L. lasioides","Hexane",0
"1801","L1","L. lasioides","Hexane",0
"1802","L1","L. lasioides","Hexane",1
"1803","L1","L. lasioides","Hexane",0
"1804","L1","L. lasioides","Hexane",0
"1805","L1","L. lasioides","Hexane",0
"1806","L1","L. lasioides","Hexane",0
"1807","L1","L. lasioides","Hexane",0
"1808","L1","L. lasioides","Hexane",0
"1809","L1","L. lasioides","Hexane",0
"1810","L1","L. lasioides","Hexane",1
"1811","L1","L. lasioides","Hexane",0
"1812","L1","L. lasioides","Hexane",0
"1813","L1","L. lasioides","Hexane",0
"1814","L1","L. lasioides","Hexane",0
"1815","L1","L. lasioides","Hexane",0
"1816","L1","L. lasioides","Hexane",1
"1817","L1","L. lasioides","Hexane",0
"1818","L1","L. lasioides","Hexane",0
"1819","L1","L. lasioides","3-meC31",0
"1820","L1","L. lasioides","3-meC31",1
"1821","L1","L. lasioides","3-meC31",0
"1822","L1","L. lasioides","3-meC31",1
"1823","L1","L. lasioides","3-meC31",0
"1824","L1","L. lasioides","3-meC31",0
"1825","L1","L. lasioides","3-meC31",1
"1826","L1","L. lasioides","3-meC31",0
"1827","L1","L. lasioides","3-meC31",0
"1828","L1","L. lasioides","3-meC31",0
"1829","L1","L. lasioides","3-meC31",1
"1830","L1","L. lasioides","3-meC31",1
"1831","L1","L. lasioides","3-meC31",1
"1832","L1","L. lasioides","3-meC31",0
"1833","L1","L. lasioides","3-meC31",0
"1834","L1","L. lasioides","3-meC31",1
"1835","L1","L. lasioides","3-meC31",0
"1836","L1","L. lasioides","3-meC31",0
"1837","L1","L. lasioides","3-meC31",0
"1838","L1","L. lasioides","3-meC35",1
"1839","L1","L. lasioides","3-meC35",1
"1840","L1","L. lasioides","3-meC35",0
"1841","L1","L. lasioides","3-meC35",0
"1842","L1","L. lasioides","3-meC35",0
"1843","L1","L. lasioides","3-meC35",0
"1844","L1","L. lasioides","3-meC35",1
"1845","L1","L. lasioides","3-meC35",1
"1846","L1","L. lasioides","3-meC35",0
"1847","L1","L. lasioides","3-meC35",0
"1848","L2","L. lasioides","Hexane",0
"1849","L2","L. lasioides","Hexane",1
"1850","L2","L. lasioides","Hexane",0
"1851","L2","L. lasioides","Hexane",1
"1852","L2","L. lasioides","Hexane",1
"1853","L2","L. lasioides","Hexane",0
"1854","L2","L. lasioides","Hexane",0
"1855","L2","L. lasioides","Hexane",0
"1856","L2","L. lasioides","Hexane",0
"1857","L2","L. lasioides","Hexane",0
"1858","L2","L. lasioides","Hexane",0
"1859","L2","L. lasioides","Hexane",0
"1860","L2","L. lasioides","Hexane",0
"1861","L2","L. lasioides","Hexane",0
"1862","L2","L. lasioides","Hexane",0
"1863","L2","L. lasioides","Hexane",0
"1864","L2","L. lasioides","Hexane",0
"1865","L2","L. lasioides","Hexane",0
"1866","L2","L. lasioides","Hexane",0
"1867","L2","L. lasioides","Hexane",0
"1868","L2","L. lasioides","Hexane",1
"1869","L2","L. lasioides","Hexane",0
"1870","L2","L. lasioides","Hexane",0
"1871","L2","L. lasioides","Hexane",1
"1872","L2","L. lasioides","Hexane",0
"1873","L2","L. lasioides","Hexane",1
"1874","L2","L. lasioides","Hexane",0
"1875","L2","L. lasioides","Hexane",0
"1876","L2","L. lasioides","3-meC31",0
"1877","L2","L. lasioides","3-meC31",0
"1878","L2","L. lasioides","3-meC31",1
"1879","L2","L. lasioides","3-meC31",0
"1880","L2","L. lasioides","3-meC31",0
"1881","L2","L. lasioides","3-meC31",0
"1882","L2","L. lasioides","3-meC31",0
"1883","L2","L. lasioides","3-meC31",1
"1884","L2","L. lasioides","3-meC31",0
"1885","L2","L. lasioides","3-meC31",0
"1886","L2","L. lasioides","3-meC31",0
"1887","L2","L. lasioides","3-meC31",1
"1888","L2","L. lasioides","3-meC31",0
"1889","L2","L. lasioides","3-meC31",0
"1890","L2","L. lasioides","3-meC31",0
"1891","L2","L. lasioides","3-meC31",0
"1892","L2","L. lasioides","3-meC31",0
"1893","L2","L. lasioides","3-meC31",0
"1894","L2","L. lasioides","3-meC31",0
"1895","L2","L. lasioides","3-meC31",0
"1896","L2","L. lasioides","3-meC35",1
"1897","L2","L. lasioides","3-meC35",0
"1898","L2","L. lasioides","3-meC35",0
"1899","L2","L. lasioides","3-meC35",0
"1900","L2","L. lasioides","3-meC35",0
"1901","L2","L. lasioides","3-meC35",0
"1902","L2","L. lasioides","3-meC35",0
"1903","L2","L. lasioides","3-meC35",1
"1904","L2","L. lasioides","3-meC35",0
"1905","L2","L. lasioides","3-meC35",0
"1906","L2","L. lasioides","3-meC35",0
"1907","L2","L. lasioides","3-meC35",0
"1908","L2","L. lasioides","3-meC35",0
"1909","L2","L. lasioides","3-meC35",0
"1910","L2","L. lasioides","3-meC35",0
"1911","L2","L. lasioides","3-meC35",0
"1912","L2","L. lasioides","3-meC35",1
"1913","L2","L. lasioides","3-meC35",0
"1914","L2","L. lasioides","3-meC35",0
"1915","L2","L. lasioides","3-meC35",0
"1916","L2","L. lasioides","C31",0
"1917","L2","L. lasioides","C31",1
"1918","L2","L. lasioides","C31",0
"1919","L2","L. lasioides","C31",0
"1920","L2","L. lasioides","C31",0
"1921","L2","L. lasioides","C31",0
"1922","L2","L. lasioides","C31",0
"1923","L2","L. lasioides","C31",0
"1924","L2","L. lasioides","C31",0
"1925","L2","L. lasioides","C31",0
"1926","L2","L. lasioides","C31",0
"1927","L2","L. lasioides","C31",0
"1928","L2","L. lasioides","C31",0
"1929","L2","L. lasioides","C31",1
"1930","L2","L. lasioides","C31",0
"1931","L2","L. lasioides","C31",0
"1932","L2","L. lasioides","C31",0
"1933","L2","L. lasioides","C31",0
"1934","L2","L. lasioides","C31",0
"1935","L2","L. lasioides","3-meC25",1
"1936","L2","L. lasioides","3-meC25",1
"1937","L2","L. lasioides","3-meC25",1
"1938","L2","L. lasioides","3-meC25",0
"1939","L2","L. lasioides","3-meC25",0
"1940","L2","L. lasioides","3-meC25",0
"1941","L2","L. lasioides","3-meC25",0
"1942","L2","L. lasioides","3-meC25",0
"1943","L2","L. lasioides","3-meC25",0
"1944","L2","L. lasioides","3-meC25",0
"1945","L2","L. lasioides","3-meC25",0
"1946","L2","L. lasioides","3-meC25",0
"1947","L2","L. lasioides","3-meC25",0
"1948","L2","L. lasioides","3-meC25",0
"1949","L2","L. lasioides","3-meC25",0
"1950","L2","L. lasioides","3-meC25",0
"1951","L2","L. lasioides","3-meC25",0
"1952","L2","L. lasioides","3-meC25",0
"1953","L2","L. lasioides","3-meC25",0
"1954","L2","L. lasioides","3-meC25",0
"1955","L2","L. lasioides","3-meC25",0
"1956","L2","L. lasioides","3-meC25",0
"1957","L2","L. lasioides","3-meC33",0
"1958","L2","L. lasioides","3-meC33",0
"1959","L2","L. lasioides","3-meC33",0
"1960","L2","L. lasioides","3-meC33",0
"1961","L2","L. lasioides","3-meC33",0
"1962","L2","L. lasioides","3-meC33",0
"1963","L2","L. lasioides","3-meC33",0
"1964","L2","L. lasioides","3-meC33",0
"1965","L2","L. lasioides","3-meC33",0
"1966","L2","L. lasioides","3-meC33",0
"1967","L2","L. lasioides","3-meC33",0
"1968","L2","L. lasioides","3-meC33",0
"1969","L2","L. lasioides","3-meC33",0
"1970","L3","L. lasioides","3-meC35",1
"1971","L3","L. lasioides","3-meC35",0
"1972","L3","L. lasioides","3-meC35",1
"1973","L3","L. lasioides","3-meC35",0
"1974","L3","L. lasioides","3-meC35",1
"1975","L3","L. lasioides","3-meC35",1
"1976","L3","L. lasioides","3-meC35",1
"1977","L3","L. lasioides","3-meC35",0
"1978","L3","L. lasioides","3-meC35",0
"1979","L3","L. lasioides","3-meC35",0
"1980","L3","L. lasioides","3-meC35",1
"1981","L3","L. lasioides","3-meC35",1
"1982","L3","L. lasioides","3-meC35",0
"1983","L3","L. lasioides","3-meC35",1
"1984","L3","L. lasioides","3-meC35",0
"1985","L3","L. lasioides","3-meC35",0
"1986","L3","L. lasioides","3-meC35",1
"1987","L3","L. lasioides","3-meC35",0
"1988","L3","L. lasioides","3-meC35",0
"1989","L3","L. lasioides","3-meC35",1
"1990","L3","L. lasioides","3-meC35",1
"1991","L3","L. lasioides","3-meC35",1
"1992","L3","L. lasioides","3-meC35",0
"1993","L3","L. lasioides","3-meC35",1
"1994","L3","L. lasioides","3-meC35",1
"1995","L3","L. lasioides","3-meC35",1
"1996","L3","L. lasioides","3-meC35",1
"1997","L3","L. lasioides","3-meC35",0
"1998","L3","L. lasioides","3-meC35",1
"1999","L3","L. lasioides","3-meC35",1
"2000","L3","L. lasioides","3-meC35",0
"2001","L3","L. lasioides","3-meC35",1
"2002","L3","L. lasioides","3-meC35",0
"2003","L3","L. lasioides","3-meC35",1
"2004","L3","L. lasioides","3-meC25",1
"2005","L3","L. lasioides","3-meC25",1
"2006","L3","L. lasioides","3-meC25",0
"2007","L3","L. lasioides","3-meC25",0
"2008","L3","L. lasioides","3-meC25",1
"2009","L3","L. lasioides","3-meC25",0
"2010","L3","L. lasioides","3-meC25",0
"2011","L3","L. lasioides","3-meC25",0
"2012","L3","L. lasioides","3-meC25",0
"2013","L3","L. lasioides","3-meC25",1
"2014","L3","L. lasioides","3-meC25",1
"2015","L3","L. lasioides","3-meC25",1
"2016","L3","L. lasioides","3-meC25",1
"2017","L3","L. lasioides","3-meC25",1
"2018","L3","L. lasioides","3-meC25",1
"2019","L3","L. lasioides","3-meC25",0
"2020","L3","L. lasioides","3-meC25",1
"2021","L3","L. lasioides","3-meC25",1
"2022","L3","L. lasioides","3-meC25",0
"2023","L3","L. lasioides","3-meC25",0
"2024","L3","L. lasioides","3-meC25",1
"2025","L3","L. lasioides","3-meC25",0
"2026","L3","L. lasioides","3-meC25",0
"2027","L3","L. lasioides","3-meC25",0
"2028","L3","L. lasioides","3-meC25",1
"2029","L3","L. lasioides","3-meC25",0
"2030","L3","L. lasioides","3-meC25",0
"2031","L3","L. lasioides","3-meC25",0
"2032","L3","L. lasioides","3-meC25",1
"2033","L3","L. lasioides","3-meC25",0
"2034","L3","L. lasioides","3-meC25",0
"2035","L3","L. lasioides","3-meC25",1
"2036","L3","L. lasioides","3-meC25",0
"2037","L3","L. lasioides","3-meC25",0
"2038","L3","L. lasioides","3-meC25",1
"2039","L3","L. lasioides","3-meC25",1
"2040","L3","L. lasioides","3-meC25",1
"2041","L3","L. lasioides","3-meC25",1
"2042","L3","L. lasioides","3-meC25",1
"2043","L3","L. lasioides","3-meC25",1
"2044","L3","L. lasioides","3-meC25",1
"2045","L3","L. lasioides","3-meC25",1
"2046","L3","L. lasioides","3-meC25",1
"2047","L3","L. lasioides","3-meC25",1
"2048","L3","L. lasioides","3-meC25",1
"2049","L3","L. lasioides","3-meC25",1
"2050","L3","L. lasioides","3-meC25",1
"2051","L3","L. lasioides","3-meC25",0
"2052","L3","L. lasioides","3-meC25",1
"2053","L3","L. lasioides","3-meC25",1
"2054","L3","L. lasioides","3-meC25",0
"2055","L3","L. lasioides","3-meC25",1
"2056","L3","L. lasioides","3-meC25",1
"2057","L3","L. lasioides","3-meC25",0
"2058","L3","L. lasioides","3-meC25",1
"2059","L3","L. lasioides","3-meC25",1
"2060","L3","L. lasioides","3-meC25",1
"2061","L3","L. lasioides","3-meC25",1
"2062","L3","L. lasioides","3-meC25",0
"2063","L3","L. lasioides","3-meC25",1
"2064","L3","L. lasioides","3-meC25",0
"2065","L3","L. lasioides","3-meC33",0
"2066","L3","L. lasioides","3-meC33",0
"2067","L3","L. lasioides","3-meC33",0
"2068","L3","L. lasioides","3-meC33",0
"2069","L3","L. lasioides","3-meC33",0
"2070","L3","L. lasioides","3-meC33",0
"2071","L3","L. lasioides","3-meC33",0
"2072","L3","L. lasioides","3-meC33",1
"2073","L3","L. lasioides","3-meC33",1
"2074","L3","L. lasioides","3-meC33",0
"2075","L3","L. lasioides","3-meC33",0
"2076","L3","L. lasioides","3-meC33",0
"2077","L3","L. lasioides","3-meC33",0
"2078","L3","L. lasioides","3-meC33",0
"2079","L3","L. lasioides","3-meC33",1
"2080","L3","L. lasioides","3-meC33",0
"2081","L3","L. lasioides","3-meC33",0
"2082","L3","L. lasioides","3-meC33",1
"2083","L3","L. lasioides","3-meC33",0
"2084","L3","L. lasioides","3-meC33",1
"2085","L3","L. lasioides","3-meC33",0
"2086","L3","L. lasioides","3-meC33",1
"2087","L3","L. lasioides","3-meC33",0
"2088","L3","L. lasioides","3-meC33",1
"2089","L3","L. lasioides","3-meC33",1
"2090","L3","L. lasioides","3-meC33",0
"2091","L3","L. lasioides","3-meC33",0
"2092","L3","L. lasioides","3-meC33",0
"2093","L3","L. lasioides","3-meC33",1
"2094","L3","L. lasioides","3-meC33",1
"2095","L3","L. lasioides","3-meC33",1
"2096","L3","L. lasioides","3-meC33",1
"2097","L3","L. lasioides","3-meC33",0
"2098","L3","L. lasioides","3-meC33",1
"2099","L3","L. lasioides","3-meC33",0
"2100","L3","L. lasioides","3-meC33",1
"2101","L3","L. lasioides","3-meC33",0
"2102","L3","L. lasioides","3-meC33",0
"2103","L3","L. lasioides","3-meC33",0
"2104","L3","L. lasioides","3-meC33",0
"2105","L3","L. lasioides","3-meC33",0
"2106","L3","L. lasioides","3-meC33",0
"2107","L3","L. lasioides","3-meC33",0
"2108","L3","L. lasioides","3-meC33",1
"2109","L3","L. lasioides","3-meC33",1
"2110","L3","L. lasioides","Hexane",1
"2111","L3","L. lasioides","Hexane",1
"2112","L3","L. lasioides","Hexane",0
"2113","L3","L. lasioides","Hexane",0
"2114","L3","L. lasioides","Hexane",0
"2115","L3","L. lasioides","Hexane",1
"2116","L3","L. lasioides","Hexane",1
"2117","L3","L. lasioides","Hexane",0
"2118","L3","L. lasioides","Hexane",0
"2119","L3","L. lasioides","Hexane",0
"2120","L3","L. lasioides","Hexane",1
"2121","L3","L. lasioides","Hexane",0
"2122","L3","L. lasioides","Hexane",0
"2123","L3","L. lasioides","Hexane",0
"2124","L3","L. lasioides","Hexane",0
"2125","L3","L. lasioides","Hexane",0
"2126","L3","L. lasioides","Hexane",1
"2127","L3","L. lasioides","Hexane",0
"2128","L3","L. lasioides","Hexane",0
"2129","L3","L. lasioides","Hexane",0
"2130","L3","L. lasioides","Hexane",0
"2131","L3","L. lasioides","Hexane",0
"2132","L3","L. lasioides","Hexane",0
"2133","L3","L. lasioides","Hexane",1
"2134","L3","L. lasioides","Hexane",0
"2135","L3","L. lasioides","Hexane",0
"2136","L3","L. lasioides","Hexane",0
"2137","L3","L. lasioides","Hexane",0
"2138","L3","L. lasioides","Hexane",0
"2139","L3","L. lasioides","Hexane",0
"2140","L3","L. lasioides","Hexane",0
"2141","L3","L. lasioides","Hexane",0
"2142","L3","L. lasioides","Hexane",0
"2143","L3","L. lasioides","Hexane",0
"2144","L3","L. lasioides","Hexane",0
"2145","L3","L. lasioides","Hexane",1
"2146","L3","L. lasioides","Hexane",0
"2147","L3","L. lasioides","Hexane",0
"2148","L3","L. lasioides","Hexane",0
"2149","L3","L. lasioides","Hexane",0
"2150","L3","L. lasioides","Hexane",1
"2151","L3","L. lasioides","Hexane",0
"2152","L3","L. lasioides","Hexane",0
"2153","L3","L. lasioides","Hexane",1
"2154","L3","L. lasioides","Hexane",0
"2155","L3","L. lasioides","Hexane",1
"2156","L3","L. lasioides","Hexane",0
"2157","L3","L. lasioides","Hexane",1
"2158","L3","L. lasioides","Hexane",0
"2159","L3","L. lasioides","Hexane",0
"2160","L3","L. lasioides","Hexane",1
"2161","L3","L. lasioides","Hexane",0
"2162","L3","L. lasioides","3-meC31",0
"2163","L3","L. lasioides","3-meC31",0
"2164","L3","L. lasioides","3-meC31",1
"2165","L3","L. lasioides","3-meC31",0
"2166","L3","L. lasioides","3-meC31",0
"2167","L3","L. lasioides","3-meC31",0
"2168","L3","L. lasioides","3-meC31",1
"2169","L3","L. lasioides","3-meC31",0
"2170","L3","L. lasioides","3-meC31",0
"2171","L3","L. lasioides","3-meC31",1
"2172","L3","L. lasioides","3-meC31",1
"2173","L3","L. lasioides","3-meC31",0
"2174","L3","L. lasioides","3-meC31",0
"2175","L3","L. lasioides","3-meC31",0
"2176","L3","L. lasioides","3-meC31",1
"2177","L3","L. lasioides","3-meC31",0
"2178","L3","L. lasioides","3-meC31",0
"2179","L3","L. lasioides","3-meC31",0
"2180","L3","L. lasioides","3-meC31",0
"2181","L3","L. lasioides","3-meC31",0
"2182","L3","L. lasioides","3-meC31",0
"2183","L3","L. lasioides","3-meC31",0
"2184","L3","L. lasioides","3-meC31",0
"2185","L3","L. lasioides","3-meC31",0
"2186","L3","L. lasioides","3-meC31",1
"2187","L3","L. lasioides","3-meC31",1
"2188","L3","L. lasioides","3-meC31",0
"2189","L3","L. lasioides","3-meC31",0
"2190","L3","L. lasioides","3-meC31",0
"2191","L3","L. lasioides","3-meC31",0
"2192","L3","L. lasioides","3-meC31",0
"2193","L3","L. lasioides","3-meC31",0
"2194","L3","L. lasioides","3-meC31",0
"2195","L3","L. lasioides","3-meC31",0
"2196","L3","L. lasioides","3-meC31",0
"2197","L3","L. lasioides","3-meC31",0
"2198","L3","L. lasioides","3-meC31",0
"2199","L3","L. lasioides","3-meC31",0
"2200","L3","L. lasioides","3-meC31",0
"2201","L3","L. lasioides","3-meC31",0
"2202","L3","L. lasioides","3-meC31",0
"2203","L3","L. lasioides","3-meC31",0
"2204","L3","L. lasioides","3-meC31",0
"2205","L3","L. lasioides","3-meC31",0
"2206","L3","L. lasioides","3-meC31",1
"2207","L3","L. lasioides","3-meC31",0
"2208","L3","L. lasioides","3-meC31",0
"2209","L3","L. lasioides","3-meC31",0
"2210","L3","L. lasioides","3-meC31",0
"2211","L3","L. lasioides","3-meC31",0
"2212","L3","L. lasioides","3-meC31",0
"2213","L3","L. lasioides","3-meC31",0
"2214","L3","L. lasioides","3-meC31",0
"2215","L3","L. lasioides","3-meC31",0
"2216","L3","L. lasioides","3-meC31",0
"2217","L3","L. lasioides","3-meC31",0
"2218","L3","L. lasioides","3-meC31",0
"2219","L3","L. lasioides","3-meC31",1
"2220","L3","L. lasioides","3-meC31",0
"2221","L3","L. lasioides","3-meC31",0
"2222","L3","L. lasioides","3-meC31",0
"2223","L3","L. lasioides","3-meC31",0
"2224","L3","L. lasioides","3-meC31",0
"2225","L3","L. lasioides","C31",0
"2226","L3","L. lasioides","C31",0
"2227","L3","L. lasioides","C31",1
"2228","L3","L. lasioides","C31",0
"2229","L3","L. lasioides","C31",0
"2230","L3","L. lasioides","C31",0
"2231","L3","L. lasioides","C31",0
"2232","L3","L. lasioides","C31",1
"2233","L3","L. lasioides","C31",1
"2234","L3","L. lasioides","C31",1
"2235","L3","L. lasioides","C31",1
"2236","L3","L. lasioides","C31",0
"2237","L3","L. lasioides","C31",0
"2238","L3","L. lasioides","C31",1
"2239","L3","L. lasioides","C31",0
"2240","L3","L. lasioides","C31",0
"2241","L3","L. lasioides","C31",1
"2242","L3","L. lasioides","C31",0
"2243","L3","L. lasioides","C31",0
"2244","L3","L. lasioides","C31",0
"2245","L3","L. lasioides","C31",0
"2246","L3","L. lasioides","C31",1
"2247","L3","L. lasioides","C31",0
"2248","L3","L. lasioides","C31",0
"2249","L3","L. lasioides","C31",0
"2250","L3","L. lasioides","C31",0
"2251","L3","L. lasioides","C31",0
"2252","L3","L. lasioides","C31",0
"2253","L3","L. lasioides","C31",0
"2254","L3","L. lasioides","C31",0
"2255","L3","L. lasioides","C31",1
"2256","L3","L. lasioides","C31",0
"2257","L3","L. lasioides","C31",1
"2258","L3","L. lasioides","C31",0
"2259","L3","L. lasioides","C31",0
"2260","L3","L. lasioides","C31",0
"2261","L3","L. lasioides","C31",0
"2262","L3","L. lasioides","C31",1
"2263","L3","L. lasioides","C31",0
"2264","L3","L. lasioides","C31",0
"2265","L3","L. lasioides","C31",0
"2266","L3","L. lasioides","C31",0
"2267","L3","L. lasioides","C31",0
"2268","L3","L. lasioides","C31",0
"2269","L3","L. lasioides","C31",0
"2270","L3","L. lasioides","C31",0
"2271","L3","L. lasioides","C31",0
"2272","L4","L. lasioides","3-meC35",1
"2273","L4","L. lasioides","3-meC35",1
"2274","L4","L. lasioides","3-meC35",1
"2275","L4","L. lasioides","3-meC35",1
"2276","L4","L. lasioides","3-meC35",1
"2277","L4","L. lasioides","3-meC35",0
"2278","L4","L. lasioides","3-meC35",0
"2279","L4","L. lasioides","3-meC35",1
"2280","L4","L. lasioides","3-meC35",1
"2281","L4","L. lasioides","3-meC35",1
"2282","L4","L. lasioides","3-meC33",0
"2283","L4","L. lasioides","3-meC33",1
"2284","L4","L. lasioides","3-meC33",1
"2285","L4","L. lasioides","3-meC33",0
"2286","L4","L. lasioides","3-meC33",0
"2287","L4","L. lasioides","3-meC33",0
"2288","L4","L. lasioides","3-meC33",1
"2289","L4","L. lasioides","3-meC33",1
"2290","L4","L. lasioides","3-meC33",0
"2291","L4","L. lasioides","3-meC33",1
"2292","L4","L. lasioides","3-meC33",0
"2293","L4","L. lasioides","3-meC33",0
"2294","L4","L. lasioides","3-meC33",0
"2295","L4","L. lasioides","3-meC33",0
"2296","L4","L. lasioides","3-meC33",0
"2297","L4","L. lasioides","3-meC33",0
"2298","L4","L. lasioides","3-meC33",0
"2299","L4","L. lasioides","3-meC33",0
"2300","L4","L. lasioides","3-meC33",0
"2301","L4","L. lasioides","3-meC33",0
"2302","L4","L. lasioides","3-meC33",0
"2303","L4","L. lasioides","3-meC33",0
"2304","L4","L. lasioides","3-meC33",1
"2305","L4","L. lasioides","3-meC25",0
"2306","L4","L. lasioides","3-meC25",0
"2307","L4","L. lasioides","3-meC25",0
"2308","L4","L. lasioides","3-meC25",1
"2309","L4","L. lasioides","3-meC25",0
"2310","L4","L. lasioides","3-meC25",0
"2311","L4","L. lasioides","3-meC25",0
"2312","L4","L. lasioides","3-meC25",0
"2313","L4","L. lasioides","3-meC25",0
"2314","L4","L. lasioides","3-meC25",1
"2315","L4","L. lasioides","3-meC25",0
"2316","L4","L. lasioides","3-meC25",0
"2317","L4","L. lasioides","3-meC25",1
"2318","L4","L. lasioides","3-meC25",0
"2319","L4","L. lasioides","3-meC25",0
"2320","L4","L. lasioides","3-meC25",0
"2321","L4","L. lasioides","3-meC25",0
"2322","L4","L. lasioides","3-meC25",1
"2323","L4","L. lasioides","3-meC25",0
"2324","L4","L. lasioides","3-meC25",0
"2325","L4","L. lasioides","3-meC25",0
"2326","L4","L. lasioides","Hexane",0
"2327","L4","L. lasioides","Hexane",0
"2328","L4","L. lasioides","Hexane",1
"2329","L4","L. lasioides","Hexane",1
"2330","L4","L. lasioides","Hexane",1
"2331","L4","L. lasioides","Hexane",1
"2332","L4","L. lasioides","Hexane",0
"2333","L4","L. lasioides","Hexane",0
"2334","L4","L. lasioides","Hexane",0
"2335","L4","L. lasioides","Hexane",1
"2336","L4","L. lasioides","3-meC31",1
"2337","L4","L. lasioides","3-meC31",1
"2338","L4","L. lasioides","3-meC31",0
"2339","L4","L. lasioides","3-meC31",1
"2340","L4","L. lasioides","3-meC31",1
"2341","L4","L. lasioides","3-meC31",0
"2342","L4","L. lasioides","3-meC31",0
"2343","L4","L. lasioides","3-meC31",0
"2344","L4","L. lasioides","3-meC31",1
"2345","L4","L. lasioides","3-meC31",1
"2346","L4","L. lasioides","3-meC31",0
"2347","L4","L. lasioides","3-meC31",1
"2348","L4","L. lasioides","3-meC31",0
"2349","L4","L. lasioides","3-meC31",0
"2350","L4","L. lasioides","3-meC31",0
"2351","L4","L. lasioides","3-meC31",0
"2352","L4","L. lasioides","3-meC31",0
"2353","L4","L. lasioides","3-meC31",1
"2354","L4","L. lasioides","3-meC31",0
"2355","L4","L. lasioides","3-meC31",0
"2356","L4","L. lasioides","C31",1
"2357","L4","L. lasioides","C31",1
"2358","L4","L. lasioides","C31",1
"2359","L4","L. lasioides","C31",0
"2360","L4","L. lasioides","C31",0
"2361","L4","L. lasioides","C31",1
"2362","L4","L. lasioides","C31",0
"2363","L4","L. lasioides","C31",0
"2364","L4","L. lasioides","C31",0
"2365","L4","L. lasioides","C31",1
"2366","L4","L. lasioides","C31",0
"2367","L4","L. lasioides","C31",1
"2368","L4","L. lasioides","C31",0
"2369","L4","L. lasioides","C31",0
"2370","L4","L. lasioides","C31",0
"2371","L4","L. lasioides","C31",0
"2372","L4","L. lasioides","C31",0
"2373","L4","L. lasioides","C31",0
"2374","L4","L. lasioides","C31",0
"2375","L4","L. lasioides","C31",0
"2376","L5","L. lasioides","3-meC35",0
"2377","L5","L. lasioides","3-meC35",0
"2378","L5","L. lasioides","3-meC35",0
"2379","L5","L. lasioides","3-meC35",0
"2380","L5","L. lasioides","3-meC35",1
"2381","L5","L. lasioides","3-meC35",0
"2382","L5","L. lasioides","3-meC35",1
"2383","L5","L. lasioides","3-meC35",1
"2384","L5","L. lasioides","3-meC35",0
"2385","L5","L. lasioides","3-meC35",0
"2386","L5","L. lasioides","3-meC35",0
"2387","L5","L. lasioides","3-meC35",0
"2388","L5","L. lasioides","3-meC35",0
"2389","L5","L. lasioides","3-meC35",0
"2390","L5","L. lasioides","3-meC35",1
"2391","L5","L. lasioides","3-meC35",1
"2392","L5","L. lasioides","3-meC35",1
"2393","L5","L. lasioides","3-meC35",1
"2394","L5","L. lasioides","3-meC35",0
"2395","L5","L. lasioides","3-meC35",1
"2396","L5","L. lasioides","3-meC35",1
"2397","L5","L. lasioides","3-meC35",0
"2398","L5","L. lasioides","3-meC35",0
"2399","L5","L. lasioides","3-meC35",0
"2400","L5","L. lasioides","3-meC35",0
"2401","L5","L. lasioides","3-meC35",1
"2402","L5","L. lasioides","3-meC35",0
"2403","L5","L. lasioides","3-meC35",1
"2404","L5","L. lasioides","3-meC35",0
"2405","L5","L. lasioides","3-meC35",1
"2406","L5","L. lasioides","3-meC35",0
"2407","L5","L. lasioides","3-meC35",0
"2408","L5","L. lasioides","3-meC35",0
"2409","L5","L. lasioides","3-meC35",1
"2410","L5","L. lasioides","3-meC35",1
"2411","L5","L. lasioides","3-meC35",1
"2412","L5","L. lasioides","3-meC35",0
"2413","L5","L. lasioides","3-meC35",0
"2414","L5","L. lasioides","3-meC35",1
"2415","L5","L. lasioides","3-meC35",0
"2416","L5","L. lasioides","3-meC35",0
"2417","L5","L. lasioides","3-meC35",1
"2418","L5","L. lasioides","3-meC35",0
"2419","L5","L. lasioides","3-meC35",0
"2420","L5","L. lasioides","3-meC33",1
"2421","L5","L. lasioides","3-meC33",1
"2422","L5","L. lasioides","3-meC33",1
"2423","L5","L. lasioides","3-meC33",1
"2424","L5","L. lasioides","3-meC33",1
"2425","L5","L. lasioides","3-meC33",1
"2426","L5","L. lasioides","3-meC33",0
"2427","L5","L. lasioides","3-meC33",1
"2428","L5","L. lasioides","3-meC33",1
"2429","L5","L. lasioides","3-meC33",0
"2430","L5","L. lasioides","3-meC33",0
"2431","L5","L. lasioides","3-meC33",1
"2432","L5","L. lasioides","3-meC33",0
"2433","L5","L. lasioides","3-meC33",0
"2434","L5","L. lasioides","3-meC33",0
"2435","L5","L. lasioides","3-meC33",0
"2436","L5","L. lasioides","3-meC33",1
"2437","L5","L. lasioides","3-meC33",0
"2438","L5","L. lasioides","3-meC33",0
"2439","L5","L. lasioides","3-meC33",0
"2440","L5","L. lasioides","3-meC33",1
"2441","L5","L. lasioides","3-meC33",0
"2442","L5","L. lasioides","3-meC33",1
"2443","L5","L. lasioides","3-meC33",1
"2444","L5","L. lasioides","3-meC33",0
"2445","L5","L. lasioides","3-meC33",1
"2446","L5","L. lasioides","3-meC33",0
"2447","L5","L. lasioides","3-meC33",1
"2448","L5","L. lasioides","3-meC33",1
"2449","L5","L. lasioides","3-meC33",1
"2450","L5","L. lasioides","3-meC33",0
"2451","L5","L. lasioides","3-meC33",0
"2452","L5","L. lasioides","3-meC33",0
"2453","L5","L. lasioides","3-meC33",0
"2454","L5","L. lasioides","3-meC33",0
"2455","L5","L. lasioides","3-meC33",0
"2456","L5","L. lasioides","3-meC33",0
"2457","L5","L. lasioides","3-meC31",0
"2458","L5","L. lasioides","3-meC31",1
"2459","L5","L. lasioides","3-meC31",0
"2460","L5","L. lasioides","3-meC31",1
"2461","L5","L. lasioides","3-meC31",1
"2462","L5","L. lasioides","3-meC31",0
"2463","L5","L. lasioides","3-meC31",1
"2464","L5","L. lasioides","3-meC31",1
"2465","L5","L. lasioides","3-meC31",1
"2466","L5","L. lasioides","3-meC31",0
"2467","L5","L. lasioides","3-meC31",0
"2468","L5","L. lasioides","3-meC31",0
"2469","L5","L. lasioides","3-meC31",0
"2470","L5","L. lasioides","3-meC31",1
"2471","L5","L. lasioides","3-meC31",0
"2472","L5","L. lasioides","3-meC31",0
"2473","L5","L. lasioides","3-meC31",1
"2474","L5","L. lasioides","3-meC31",0
"2475","L5","L. lasioides","3-meC31",0
"2476","L5","L. lasioides","3-meC31",0
"2477","L5","L. lasioides","3-meC31",1
"2478","L5","L. lasioides","3-meC31",0
"2479","L5","L. lasioides","3-meC31",0
"2480","L5","L. lasioides","3-meC31",0
"2481","L5","L. lasioides","3-meC31",0
"2482","L5","L. lasioides","3-meC31",0
"2483","L5","L. lasioides","3-meC31",0
"2484","L5","L. lasioides","3-meC31",0
"2485","L5","L. lasioides","3-meC31",0
"2486","L5","L. lasioides","3-meC31",0
"2487","L5","L. lasioides","3-meC31",0
"2488","L5","L. lasioides","3-meC31",0
"2489","L5","L. lasioides","3-meC31",0
"2490","L5","L. lasioides","3-meC31",0
"2491","L5","L. lasioides","3-meC31",1
"2492","L5","L. lasioides","3-meC31",0
"2493","L5","L. lasioides","3-meC31",0
"2494","L5","L. lasioides","3-meC31",0
"2495","L5","L. lasioides","3-meC31",0
"2496","L5","L. lasioides","3-meC31",0
"2497","L5","L. lasioides","3-meC31",0
"2498","L5","L. lasioides","3-meC31",0
"2499","L5","L. lasioides","3-meC25",0
"2500","L5","L. lasioides","3-meC25",1
"2501","L5","L. lasioides","3-meC25",0
"2502","L5","L. lasioides","3-meC25",0
"2503","L5","L. lasioides","3-meC25",0
"2504","L5","L. lasioides","3-meC25",0
"2505","L5","L. lasioides","3-meC25",0
"2506","L5","L. lasioides","3-meC25",0
"2507","L5","L. lasioides","3-meC25",0
"2508","L5","L. lasioides","3-meC25",0
"2509","L5","L. lasioides","3-meC25",0
"2510","L5","L. lasioides","3-meC25",0
"2511","L5","L. lasioides","3-meC25",1
"2512","L5","L. lasioides","3-meC25",1
"2513","L5","L. lasioides","3-meC25",1
"2514","L5","L. lasioides","3-meC25",1
"2515","L5","L. lasioides","3-meC25",0
"2516","L5","L. lasioides","3-meC25",0
"2517","L5","L. lasioides","3-meC25",1
"2518","L5","L. lasioides","3-meC25",0
"2519","L5","L. lasioides","3-meC25",0
"2520","L5","L. lasioides","3-meC25",0
"2521","L5","L. lasioides","3-meC25",0
"2522","L5","L. lasioides","3-meC25",0
"2523","L5","L. lasioides","3-meC25",0
"2524","L5","L. lasioides","3-meC25",0
"2525","L5","L. lasioides","3-meC25",0
"2526","L5","L. lasioides","3-meC25",0
"2527","L5","L. lasioides","3-meC25",0
"2528","L5","L. lasioides","3-meC25",0
"2529","L5","L. lasioides","3-meC25",0
"2530","L5","L. lasioides","3-meC25",0
"2531","L5","L. lasioides","3-meC25",0
"2532","L5","L. lasioides","3-meC25",0
"2533","L5","L. lasioides","3-meC25",0
"2534","L5","L. lasioides","3-meC25",0
"2535","L5","L. lasioides","3-meC25",0
"2536","L5","L. lasioides","3-meC25",0
"2537","L5","L. lasioides","3-meC25",0
"2538","L5","L. lasioides","3-meC25",0
"2539","L5","L. lasioides","3-meC25",0
"2540","L5","L. lasioides","3-meC25",0
"2541","L5","L. lasioides","3-meC25",0
"2542","L5","L. lasioides","3-meC25",0
"2543","L5","L. lasioides","3-meC25",0
"2544","L5","L. lasioides","3-meC25",1
"2545","L5","L. lasioides","3-meC25",0
"2546","L5","L. lasioides","3-meC25",0
"2547","L5","L. lasioides","3-meC25",0
"2548","L5","L. lasioides","3-meC25",0
"2549","L5","L. lasioides","3-meC25",0
"2550","L5","L. lasioides","3-meC25",0
"2551","L5","L. lasioides","3-meC25",1
"2552","L5","L. lasioides","3-meC25",0
"2553","L5","L. lasioides","C31",0
"2554","L5","L. lasioides","C31",1
"2555","L5","L. lasioides","C31",1
"2556","L5","L. lasioides","C31",1
"2557","L5","L. lasioides","C31",1
"2558","L5","L. lasioides","C31",0
"2559","L5","L. lasioides","C31",1
"2560","L5","L. lasioides","C31",1
"2561","L5","L. lasioides","C31",0
"2562","L5","L. lasioides","C31",1
"2563","L5","L. lasioides","C31",1
"2564","L5","L. lasioides","C31",1
"2565","L5","L. lasioides","C31",0
"2566","L5","L. lasioides","C31",0
"2567","L5","L. lasioides","C31",0
"2568","L5","L. lasioides","C31",1
"2569","L5","L. lasioides","C31",1
"2570","L5","L. lasioides","C31",1
"2571","L5","L. lasioides","C31",1
"2572","L5","L. lasioides","C31",0
"2573","L5","L. lasioides","C31",0
"2574","L5","L. lasioides","C31",0
"2575","L5","L. lasioides","C31",0
"2576","L5","L. lasioides","C31",1
"2577","L5","L. lasioides","C31",1
"2578","L5","L. lasioides","C31",0
"2579","L5","L. lasioides","C31",0
"2580","L5","L. lasioides","C31",0
"2581","L5","L. lasioides","C31",0
"2582","L5","L. lasioides","C31",1
"2583","L5","L. lasioides","C31",0
"2584","L5","L. lasioides","C31",0
"2585","L5","L. lasioides","C31",0
"2586","L5","L. lasioides","C31",0
"2587","L5","L. lasioides","C31",0
"2588","L5","L. lasioides","C31",0
"2589","L5","L. lasioides","C31",1
"2590","L5","L. lasioides","C31",1
"2591","L5","L. lasioides","C31",0
"2592","L5","L. lasioides","C31",0
"2593","L5","L. lasioides","C31",0
"2594","L5","L. lasioides","C31",0
"2595","L5","L. lasioides","C31",0
"2596","L5","L. lasioides","C31",0
"2597","L5","L. lasioides","C31",0
"2598","L5","L. lasioides","C31",0
"2599","L5","L. lasioides","C31",0
"2600","L5","L. lasioides","C31",0
"2601","L5","L. lasioides","Hexane",0
"2602","L5","L. lasioides","Hexane",1
"2603","L5","L. lasioides","Hexane",1
"2604","L5","L. lasioides","Hexane",1
"2605","L5","L. lasioides","Hexane",1
"2606","L5","L. lasioides","Hexane",0
"2607","L5","L. lasioides","Hexane",0
"2608","L5","L. lasioides","Hexane",1
"2609","L5","L. lasioides","Hexane",0
"2610","L5","L. lasioides","Hexane",0
"2611","L5","L. lasioides","Hexane",0
"2612","L5","L. lasioides","Hexane",1
"2613","L5","L. lasioides","Hexane",1
"2614","L5","L. lasioides","Hexane",1
"2615","L5","L. lasioides","Hexane",1
"2616","L5","L. lasioides","Hexane",1
"2617","L5","L. lasioides","Hexane",1
"2618","L5","L. lasioides","Hexane",1
"2619","L5","L. lasioides","Hexane",1
"2620","L5","L. lasioides","Hexane",0
"2621","L5","L. lasioides","Hexane",1
"2622","L5","L. lasioides","Hexane",1
"2623","L5","L. lasioides","Hexane",1
"2624","L5","L. lasioides","Hexane",0
"2625","L5","L. lasioides","Hexane",0
"2626","L5","L. lasioides","Hexane",0
"2627","L5","L. lasioides","Hexane",0
"2628","L5","L. lasioides","Hexane",0
"2629","L5","L. lasioides","Hexane",0
"2630","L5","L. lasioides","Hexane",0
"2631","L5","L. lasioides","Hexane",0
"2632","L5","L. lasioides","Hexane",1
"2633","L5","L. lasioides","Hexane",1
"2634","L5","L. lasioides","Hexane",0
"2635","L5","L. lasioides","Hexane",1
"2636","L5","L. lasioides","Hexane",0
"2637","L5","L. lasioides","Hexane",1
"2638","L5","L. lasioides","Hexane",0
